StartDate,EndDate,Status,IPAddress,Progress,Duration (in seconds),Finished,RecordedDate,ResponseId,RecipientLastName,RecipientFirstName,RecipientEmail,ExternalReference,LocationLatitude,LocationLongitude,DistributionChannel,UserLanguage,consent,PID,welcome,age_1,gender,country,time_us_1,ideology_1,pkp_h_1,pkp_i_1,pkp_u_1,pch_h_1,pch_i_1,pch_u_1,tmdp_h_1,tmdp_i_1,tmdp_u_1,whh_h_1,whh_i_1,whh_u_1,thls_h_1,thls_i_1,thls_u_1,ach_1_1,ach_2_1,ach_3_1,adr_h_1,adr_i_1,adr_u_1,elb_h_1,elb_i_1,elb_u_1,acr_h_1,acr_i_1,acr_u_1,jbd_h_1,jbd_i_1,jbd_u_1,scc_h_1,scc_i_1,scc_u_1,ddf_h_1,ddf_i_1,ddf_u_1,git_h_1,git_i_1,git_u_1,idb_h_1,idb_i_1,idb_u_1,ayc_h_1,ayc_i_1,ayc_u_1,sip_h_1,sip_i_1,sip_u_1,ecc_h_1,ecc_i_1,ecc_u_1,ccr_h_1,ccr_i_1,ccr_u_1,mbr_h_1,mbr_i_1,mbr_u_1,msn_h_1,msn_i_1,msn_u_1,mbw_h_1,mbw_i_1,mbw_u_1,mpsa_h_1,mpsa_i_1,mpsa_u_1,php_h_1,php_i_1,php_u_1,mmc_h_1,mmc_i_1,mmc_u_1,mmls_h_1,mmls_i_1,mmls_u_1,msas_h_1,msas_i_1,msas_u_1,ach_4_1,ach_5_1,ach_6_1,race,income,int_pol,pol_id,pol_id_5_TEXT,religion,religion_5_TEXT,education,db,PROLIFIC_PID
Start Date,End Date,Response Type,IP Address,Progress,Duration (in seconds),Finished,Recorded Date,Response ID,Recipient Last Name,Recipient First Name,Recipient Email,External Data Reference,Location Latitude,Location Longitude,Distribution Channel,User Language,"Thank you for participating! 

 

This project is designed to study the way people judge whether certain situations are right or wrong. You will to have rate a series of events on three different scales. The entire study should take approximately 25 minutes.
Key Information 


Your participation is entirely voluntary and you may withdraw at any point. However, you must answer all questions, perform all tasks, and proceed to the final screen of the study in order to receive a link for your payment. For successful participation in the study, you will receive $2.71, paid by transfer to your Prolific account. 

 

We will adhere, at all times, to strict standards of confidentiality. Information obtained through your participation will be accessible only by the research team. Your name will not be attached to your data in any way. Although collected data may be made public or used for future research purposes, your identity will always remain confidential. 

 

You must be in the United States to qualify to participate in this study. If you are not, you will be directed to the end of the survey after this page. Further, in accordance with Prolific policies, we may reject your work if the task was not completed correctly or the instructions were not followed.



This is a study about moral transgressions and, therefore, the vignettes that you will have to evaluate might contain graphic and/or violent language (e.g. references to murder or sexual violence). If this is in any way distressing, please feel free to abstain from participation.



If you have questions, you may contact Duke Researchers at nr120@duke.edu. If you have any questions about your rights as a research participant, please contact the Duke University Human Subjects Protection Committee at campusIRB@duke.edu. 



By clicking “I agree to participate” you indicate that you understand the study description above, that you understand the qualifications to participate in this study, that you will follow instructions in the study, and that you agree to participate. You may save and/or print this form if you want to.",Please enter your Prolific ID:,"Welcome and thank you for deciding to take part in the present study! Before you begin, please read the following instructions carefully:
Most of our everyday interactions are normal and mundane and go by unnoticed. However, events that involve moral transgressions often stick out; they seem more or less harmful, more or less unexpected.
In the current task, we will present you some scenarios and will ask you to tell us how immoral, unexpected, and harmful you think they are. Throughout the questionnaire, you will also be shown some active participation checks. These look just like the other questions, except that you will be told exactly what option to choose.  For instance, an attention check might ask you to:  ""Rate this event as very immoral.""  
Please remember to to read all questions and instructions carefully so that you are sure to respond to all participations checks correctly. Failing to do so will result in a loss of payment.
If you are completing the survey on your cellphone, make sure to turn your device sideways (to landscape mode) so that all questions are displayed properly.
A final word of warning before we begin: the following vignettes might contain strong and graphic language. If you would rather not be exposed to such language, please feel free to abstain from participation. Thank you!",What is your age in years? - Age:,What gender would you consider yourself?,Were you born in the U.S.?,"In years, how long have you lived in the U.S.? - Years:","We hear a lot of talk these days about liberals and conservatives 
On a scale from 1 to 7, going from extremely liberal  to extremely conservative, where would you place yourself? - 1","How harmful is this event?

 

A person kills another person. - 1","How immoral is this event?

 

A person kills another person. - 1","How unexpected is this event?

 

A person kills another person. - 1","How harmful is this event?

 

A person hurts a child. - 1","How immoral is this event?

 

A person hurts a child. - 1","How unexpected is this event?

 

A person hurts a child. - 1","How harmful is this event?

 

A teenager mocks a disabled person. - 1","How immoral is this event?

 

A teenager mocks a disabled person. - 1","How unexpected is this event?

 

A teenager mocks a disabled person. - 1","How harmful is this event?

 

A wife hits her forgetful husband. - 1","How immoral is this event?

 

A wife hits her forgetful husband. - 1","How unexpected is this event?

 

A wife hits her forgetful husband. - 1","How harmful is this event?

 

A teacher hits a lazy student. - 1","How immoral is this event?

 

A teacher hits a lazy student. - 1","How unexpected is this event?

 

A teacher hits a lazy student. - 1","How harmful is this event?

 

Rate this event as extremely harmful. - 1","How immoral is this event?

 

Rate this event as not at all immoral. - 1","How unexpected is this event?

 

Rate this event as moderately unexpected. - 1","How harmful is this event?

 

An athlete deceives the referee. - 1","How immoral is this event?

 

An athlete deceives the referee. - 1","How unexpected is this event?

 

An athlete deceives the referee. - 1","How harmful is this event?

 

An employee lies to the boss. - 1","How immoral is this event?

 

An employee lies to the boss. - 1","How unexpected is this event?

 

An employee lies to the boss. - 1","How harmful is this event?

 

An athlete cheats their rival. - 1","How immoral is this event?

 

An athlete cheats their rival. - 1","How unexpected is this event?

 

An athlete cheats their rival. - 1","How harmful is this event?

 

A judge befriends the defendant. - 1","How immoral is this event?

 

A judge befriends the defendant. - 1","How unexpected is this event?

 

A judge befriends the defendant. - 1","How harmful is this event?

 

A student cheats their classmate. - 1","How immoral is this event?

 

A student cheats their classmate. - 1","How unexpected is this event?

 

A student cheats their classmate. - 1","How harmful is this event?

 

A daughter disobeys her father. - 1","How immoral is this event?

 

A daughter disobeys her father. - 1","How unexpected is this event?

 

A daughter disobeys her father. - 1","How harmful is this event?

 

A girl interrupts her teacher. - 1","How immoral is this event?

 

A girl interrupts her teacher. - 1","How unexpected is this event?

 

A girl interrupts her teacher. - 1","How harmful is this event?

 

An intern disobeys the boss. - 1","How immoral is this event?

 

An intern disobeys the boss. - 1","How unexpected is this event?

 

An intern disobeys the boss. - 1","How harmful is this event?

 

An athlete yells at their coach. - 1","How immoral is this event?

 

An athlete yells at their coach. - 1","How unexpected is this event?

 

An athlete yells at their coach. - 1","How harmful is this event?

 

A student insults the professor. - 1","How immoral is this event?

 

A student insults the professor. - 1","How unexpected is this event?

 

A student insults the professor. - 1","How harmful is this event?

 

An employee conspires with a competitor. - 1","How immoral is this event?

 

An employee conspires with a competitor. - 1","How unexpected is this event?

 

An employee conspires with a competitor. - 1","How harmful is this event?

 

A coach cheers for the rival. - 1","How immoral is this event?

 

A coach cheers for the rival. - 1","How unexpected is this event?

 

A coach cheers for the rival. - 1","How harmful is this event?

 

A man betrays his relative. - 1","How immoral is this event?

 

A man betrays his relative. - 1","How unexpected is this event?

 

A man betrays his relative. - 1","How harmful is this event?

 

The mayor slanders a neighbor. - 1","How immoral is this event?

 

The mayor slanders a neighbor. - 1","How unexpected is this event?

 

The mayor slanders a neighbor. - 1","How harmful is this event?

 

A man betrays his wife. - 1","How immoral is this event?

 

A man betrays his wife. - 1","How unexpected is this event?

 

A man betrays his wife. - 1","How harmful is this event?

 

A married person has sex with an adulterer. - 1","How immoral is this event?

 

A married person has sex with an adulterer. - 1","How unexpected is this event?

 

A married person has sex with an adulterer. - 1","How harmful is this event?

 

A person hires a prostitute. - 1","How immoral is this event?

 

A person hires a prostitute. - 1","How unexpected is this event?

 

A person hires a prostitute. - 1","How harmful is this event?

 

A man marries his cousin. - 1","How immoral is this event?

 

A man marries his cousin. - 1","How unexpected is this event?

 

A man marries his cousin. - 1","How harmful is this event?

 

A man makes love to his sister. - 1","How immoral is this event?

 

A man makes love to his sister. - 1","How unexpected is this event?

 

A man makes love to his sister. - 1","How harmful is this event?

 

A mother sexually arouses her son. - 1","How immoral is this event?

 

A mother sexually arouses her son. - 1","How unexpected is this event?

 

A mother sexually arouses her son. - 1","How harmful is this event?

 

Rate this event as not at all harmful. - 1","How immoral is this event?

 

Rate this event as extremely immoral. - 1","How unexpected is this event?

 

Rate this event as extremely unexpected. - 1",What race do you consider yourself?,"Please estimate your 2019 total household income before taxes, including all earners in your household:",How interested would you say you are in politics?,I consider myself to be a(n): - Selected Choice,I consider myself to be a(n): - Something else (Please Specify) - Text,I consider myself: - Selected Choice,I consider myself: - Something else (Please Specify) - Text,What is the highest level of education that you have completed?,"Thank you for your participation. We would like to tell you about the purpose of the study you've just completed.
As stated in the beginning of the survey, this study was designed to study how people interpret moral transgressions. More specifically, the goal of the project is to understand how the meanings we attach to the people involved in situations influence the extent to which we perceive those events as immoral. We are less surprised when certain types of people commit immoral acts, and we are less surprised when certain types of people are the victims of such actions.
The scenarios used in this study contain different types of identities as well as different kinds of moral transgressions. This study is interested in how different combinations of these elements might affect how we make moral judgements. Your participation in this study will help researchers better understand how the structure of certain events might lead us to more readily identify moral wrongdoing.
Thank you again for your time and participation. If you have any questions regarding this study, please contact us by email at nr120@duke.edu.",PROLIFIC_PID
"{""ImportId"":""startDate"",""timeZone"":""America/Denver""}","{""ImportId"":""endDate"",""timeZone"":""America/Denver""}","{""ImportId"":""status""}","{""ImportId"":""ipAddress""}","{""ImportId"":""progress""}","{""ImportId"":""duration""}","{""ImportId"":""finished""}","{""ImportId"":""recordedDate"",""timeZone"":""America/Denver""}","{""ImportId"":""_recordId""}","{""ImportId"":""recipientLastName""}","{""ImportId"":""recipientFirstName""}","{""ImportId"":""recipientEmail""}","{""ImportId"":""externalDataReference""}","{""ImportId"":""locationLatitude""}","{""ImportId"":""locationLongitude""}","{""ImportId"":""distributionChannel""}","{""ImportId"":""userLanguage""}","{""ImportId"":""QID1""}","{""ImportId"":""QID219_TEXT""}","{""ImportId"":""QID109""}","{""ImportId"":""QID123_1""}","{""ImportId"":""QID116""}","{""ImportId"":""QID121""}","{""ImportId"":""QID118_1""}","{""ImportId"":""QID120_1""}","{""ImportId"":""QID11_1""}","{""ImportId"":""QID125_1""}","{""ImportId"":""QID218_1""}","{""ImportId"":""QID127_1""}","{""ImportId"":""QID128_1""}","{""ImportId"":""QID129_1""}","{""ImportId"":""QID130_1""}","{""ImportId"":""QID131_1""}","{""ImportId"":""QID132_1""}","{""ImportId"":""QID133_1""}","{""ImportId"":""QID134_1""}","{""ImportId"":""QID135_1""}","{""ImportId"":""QID136_1""}","{""ImportId"":""QID137_1""}","{""ImportId"":""QID138_1""}","{""ImportId"":""QID211_1""}","{""ImportId"":""QID212_1""}","{""ImportId"":""QID213_1""}","{""ImportId"":""QID142_1""}","{""ImportId"":""QID143_1""}","{""ImportId"":""QID144_1""}","{""ImportId"":""QID145_1""}","{""ImportId"":""QID146_1""}","{""ImportId"":""QID147_1""}","{""ImportId"":""QID148_1""}","{""ImportId"":""QID149_1""}","{""ImportId"":""QID150_1""}","{""ImportId"":""QID151_1""}","{""ImportId"":""QID152_1""}","{""ImportId"":""QID153_1""}","{""ImportId"":""QID154_1""}","{""ImportId"":""QID155_1""}","{""ImportId"":""QID156_1""}","{""ImportId"":""QID163_1""}","{""ImportId"":""QID164_1""}","{""ImportId"":""QID165_1""}","{""ImportId"":""QID166_1""}","{""ImportId"":""QID167_1""}","{""ImportId"":""QID168_1""}","{""ImportId"":""QID169_1""}","{""ImportId"":""QID170_1""}","{""ImportId"":""QID171_1""}","{""ImportId"":""QID172_1""}","{""ImportId"":""QID173_1""}","{""ImportId"":""QID174_1""}","{""ImportId"":""QID175_1""}","{""ImportId"":""QID176_1""}","{""ImportId"":""QID177_1""}","{""ImportId"":""QID181_1""}","{""ImportId"":""QID182_1""}","{""ImportId"":""QID183_1""}","{""ImportId"":""QID184_1""}","{""ImportId"":""QID185_1""}","{""ImportId"":""QID186_1""}","{""ImportId"":""QID187_1""}","{""ImportId"":""QID188_1""}","{""ImportId"":""QID189_1""}","{""ImportId"":""QID190_1""}","{""ImportId"":""QID191_1""}","{""ImportId"":""QID192_1""}","{""ImportId"":""QID193_1""}","{""ImportId"":""QID194_1""}","{""ImportId"":""QID195_1""}","{""ImportId"":""QID196_1""}","{""ImportId"":""QID197_1""}","{""ImportId"":""QID198_1""}","{""ImportId"":""QID199_1""}","{""ImportId"":""QID200_1""}","{""ImportId"":""QID201_1""}","{""ImportId"":""QID202_1""}","{""ImportId"":""QID203_1""}","{""ImportId"":""QID204_1""}","{""ImportId"":""QID205_1""}","{""ImportId"":""QID206_1""}","{""ImportId"":""QID207_1""}","{""ImportId"":""QID208_1""}","{""ImportId"":""QID209_1""}","{""ImportId"":""QID210_1""}","{""ImportId"":""QID214_1""}","{""ImportId"":""QID215_1""}","{""ImportId"":""QID216_1""}","{""ImportId"":""QID117""}","{""ImportId"":""QID119""}","{""ImportId"":""QID113""}","{""ImportId"":""QID114""}","{""ImportId"":""QID114_5_TEXT""}","{""ImportId"":""QID115""}","{""ImportId"":""QID115_5_TEXT""}","{""ImportId"":""QID122""}","{""ImportId"":""QID220""}","{""ImportId"":""PROLIFIC_PID""}"
2019-11-06 09:53:57,2019-11-06 10:01:53,IP Address,174.224.144.173,100,475,True,2019-11-06 10:01:54,R_3MhAicvtKZwlhrE,,,,,42.8354034423828125,-78.75730133056640625,anonymous,EN,I agree to participate,5d4b12635a6cb1001b686e0f,Understood! Begin survey.,25,Female,Yes,,2,extremely harmful,very immoral,extremely unexpected,extremely harmful,extremely immoral,extremely unexpected,extremely harmful,extremely immoral,moderately unexpected,very harmful,very immoral,very unexpected,extremely harmful,very immoral,extremely unexpected,extremely harmful,not at all immoral,moderately unexpected,moderately harmful,moderately immoral,moderately unexpected,slightly harmful,slightly immoral,moderately unexpected,very harmful,very immoral,very unexpected,very harmful,very immoral,very unexpected,moderately harmful,very immoral,moderately unexpected,slightly harmful,not at all immoral,not at all unexpected,not at all harmful,not at all immoral,slightly unexpected,slightly harmful,slightly immoral,slightly unexpected,slightly harmful,slightly immoral,moderately unexpected,slightly harmful,slightly immoral,slightly unexpected,moderately harmful,moderately immoral,very unexpected,moderately harmful,slightly immoral,extremely unexpected,very harmful,moderately immoral,moderately unexpected,very harmful,very immoral,very unexpected,very harmful,very immoral,moderately unexpected,moderately harmful,very immoral,moderately unexpected,not at all harmful,not at all immoral,slightly unexpected,slightly harmful,slightly immoral,very unexpected,extremely harmful,extremely immoral,extremely unexpected,extremely harmful,extremely immoral,extremely unexpected,not at all harmful,extremely immoral,extremely unexpected,White,"$25,001 to $50,000",Somewhat interested,Democrat,,An atheist,,Associate's degree,Complete,5d4b12635a6cb1001b686e0f
2019-11-06 09:57:35,2019-11-06 10:04:25,IP Address,172.220.168.145,100,409,True,2019-11-06 10:04:26,R_3F5mUkho9WODTKO,,,,,36.135894775390625,-81.1573028564453125,anonymous,EN,I agree to participate,5b76ce43bfc4cb0001f2c4c3,Understood! Begin survey.,46,Female,Yes,,1,very harmful,very immoral,very unexpected,extremely harmful,extremely immoral,extremely unexpected,very harmful,moderately immoral,slightly unexpected,very harmful,moderately immoral,moderately unexpected,very harmful,moderately immoral,very unexpected,extremely harmful,not at all immoral,moderately unexpected,slightly harmful,slightly immoral,moderately unexpected,slightly harmful,slightly immoral,not at all unexpected,moderately harmful,very immoral,slightly unexpected,very harmful,extremely immoral,extremely unexpected,very harmful,moderately immoral,slightly unexpected,moderately harmful,slightly immoral,slightly unexpected,not at all harmful,not at all immoral,not at all unexpected,slightly harmful,not at all immoral,moderately unexpected,slightly harmful,not at all immoral,slightly unexpected,slightly harmful,slightly immoral,not at all unexpected,moderately harmful,slightly immoral,very unexpected,moderately harmful,slightly immoral,very unexpected,slightly harmful,slightly immoral,moderately unexpected,moderately harmful,slightly immoral,moderately unexpected,very harmful,extremely immoral,very unexpected,very harmful,very immoral,not at all unexpected,not at all harmful,not at all immoral,not at all unexpected,very harmful,moderately immoral,moderately unexpected,extremely harmful,extremely immoral,extremely unexpected,extremely harmful,extremely immoral,extremely unexpected,not at all harmful,extremely immoral,extremely unexpected,White,"$25,001 to $50,000",Somewhat interested,Independent,,An atheist,,Associate's degree,Complete,5b76ce43bfc4cb0001f2c4c3
2019-11-06 09:58:18,2019-11-06 10:04:26,IP Address,68.55.120.153,100,368,True,2019-11-06 10:04:27,R_1CBy6igtzqLU7gn,,,,,42.51800537109375,-83.15760040283203125,anonymous,EN,I agree to participate,5d7004af12d076001880faf6,Understood! Begin survey.,50,Female,Yes,,2,extremely harmful,extremely immoral,extremely unexpected,extremely harmful,extremely immoral,slightly unexpected,very harmful,very immoral,not at all unexpected,moderately harmful,very immoral,moderately unexpected,slightly harmful,very immoral,very unexpected,extremely harmful,not at all immoral,moderately unexpected,moderately harmful,moderately immoral,slightly unexpected,moderately harmful,moderately immoral,moderately unexpected,moderately harmful,moderately immoral,slightly unexpected,very harmful,very immoral,moderately unexpected,moderately harmful,moderately immoral,slightly unexpected,moderately harmful,moderately immoral,not at all unexpected,slightly harmful,slightly immoral,not at all unexpected,slightly harmful,slightly immoral,moderately unexpected,slightly harmful,slightly immoral,not at all unexpected,slightly harmful,slightly immoral,not at all unexpected,moderately harmful,moderately immoral,moderately unexpected,moderately harmful,moderately immoral,very unexpected,moderately harmful,very immoral,very unexpected,moderately harmful,very immoral,very unexpected,very harmful,very immoral,very unexpected,very harmful,very immoral,not at all unexpected,very harmful,very immoral,slightly unexpected,moderately harmful,moderately immoral,slightly unexpected,very harmful,extremely immoral,extremely unexpected,extremely harmful,extremely immoral,very unexpected,not at all harmful,extremely immoral,extremely unexpected,White,"Less than $25,000",Very interested,Democrat,,Religious,,Bachelor's degree,Complete,5d7004af12d076001880faf6
2019-11-06 09:56:01,2019-11-06 10:04:48,IP Address,67.183.62.175,100,526,True,2019-11-06 10:04:49,R_Uz64wvT9cuqdKvL,,,,,47.83880615234375,-122.1985015869140625,anonymous,EN,I agree to participate,5d071776ffd6f0000150a767,Understood! Begin survey.,18,Female,Yes,,2,extremely harmful,very immoral,moderately unexpected,extremely harmful,extremely immoral,extremely unexpected,extremely harmful,very immoral,very unexpected,very harmful,very immoral,extremely unexpected,extremely harmful,very immoral,extremely unexpected,extremely harmful,not at all immoral,moderately unexpected,not at all harmful,slightly immoral,very unexpected,not at all harmful,not at all immoral,slightly unexpected,slightly harmful,slightly immoral,very unexpected,moderately harmful,moderately immoral,extremely unexpected,not at all harmful,slightly immoral,slightly unexpected,slightly harmful,not at all immoral,moderately unexpected,not at all harmful,not at all immoral,slightly unexpected,not at all harmful,not at all immoral,moderately unexpected,slightly harmful,not at all immoral,very unexpected,slightly harmful,slightly immoral,moderately unexpected,slightly harmful,slightly immoral,very unexpected,not at all harmful,slightly immoral,extremely unexpected,slightly harmful,slightly immoral,moderately unexpected,very harmful,moderately immoral,extremely unexpected,slightly harmful,slightly immoral,very unexpected,slightly harmful,slightly immoral,moderately unexpected,not at all harmful,not at all immoral,not at all unexpected,very harmful,very immoral,extremely unexpected,extremely harmful,extremely immoral,extremely unexpected,extremely harmful,extremely immoral,extremely unexpected,not at all harmful,extremely immoral,extremely unexpected,African American/Black,"Less than $25,000",Very interested,Democrat,,Religious,,High school degree or GED,Complete,5d071776ffd6f0000150a767
2019-11-06 09:56:42,2019-11-06 10:04:56,IP Address,74.222.114.230,100,493,True,2019-11-06 10:04:56,R_3MGQYJqWuVQOjFy,,,,,33.8820037841796875,-80.40399932861328125,anonymous,EN,I agree to participate,5a1303419b760100013a7dd9,Understood! Begin survey.,29,Male,Yes,,3,extremely harmful,extremely immoral,extremely unexpected,extremely harmful,extremely immoral,extremely unexpected,extremely harmful,very immoral,slightly unexpected,very harmful,extremely immoral,extremely unexpected,extremely harmful,extremely immoral,very unexpected,extremely harmful,not at all immoral,moderately unexpected,slightly harmful,very immoral,slightly unexpected,very harmful,very immoral,not at all unexpected,moderately harmful,very immoral,slightly unexpected,extremely harmful,extremely immoral,very unexpected,slightly harmful,moderately immoral,slightly unexpected,moderately harmful,slightly immoral,slightly unexpected,not at all harmful,not at all immoral,not at all unexpected,not at all harmful,not at all immoral,moderately unexpected,slightly harmful,slightly immoral,slightly unexpected,very harmful,moderately immoral,very unexpected,slightly harmful,slightly immoral,slightly unexpected,slightly harmful,slightly immoral,slightly unexpected,very harmful,very immoral,moderately unexpected,very harmful,very immoral,very unexpected,very harmful,very immoral,slightly unexpected,very harmful,very immoral,moderately unexpected,slightly harmful,slightly immoral,not at all unexpected,extremely harmful,extremely immoral,extremely unexpected,extremely harmful,extremely immoral,extremely unexpected,extremely harmful,extremely immoral,extremely unexpected,not at all harmful,extremely immoral,extremely unexpected,African American/Black,"$25,001 to $50,000",Somewhat interested,Democrat,,Agnostic,,Some college,Complete,5a1303419b760100013a7dd9
2019-11-06 09:54:27,2019-11-06 10:04:56,IP Address,136.142.242.76,100,628,True,2019-11-06 10:04:57,R_1j6t2Qn6GMgE7ew,,,,,40.4420013427734375,-79.95189666748046875,anonymous,EN,I agree to participate,5c29cae92c45d40001499743,Understood! Begin survey.,31,Female,No,8,2,extremely harmful,extremely immoral,not at all unexpected,extremely harmful,very immoral,moderately unexpected,moderately harmful,very immoral,slightly unexpected,very harmful,very immoral,slightly unexpected,very harmful,moderately immoral,very unexpected,extremely harmful,not at all immoral,moderately unexpected,slightly harmful,slightly immoral,moderately unexpected,slightly harmful,slightly immoral,not at all unexpected,slightly harmful,moderately immoral,not at all unexpected,very harmful,very immoral,very unexpected,moderately harmful,moderately immoral,not at all unexpected,slightly harmful,not at all immoral,not at all unexpected,not at all harmful,not at all immoral,not at all unexpected,moderately harmful,not at all immoral,slightly unexpected,not at all harmful,not at all immoral,not at all unexpected,moderately harmful,slightly immoral,slightly unexpected,moderately harmful,moderately immoral,slightly unexpected,slightly harmful,not at all immoral,very unexpected,moderately harmful,moderately immoral,not at all unexpected,slightly harmful,slightly immoral,slightly unexpected,moderately harmful,very immoral,not at all unexpected,moderately harmful,slightly immoral,not at all unexpected,slightly harmful,not at all immoral,very unexpected,moderately harmful,slightly immoral,moderately unexpected,very harmful,very immoral,very unexpected,extremely harmful,extremely immoral,extremely unexpected,not at all harmful,extremely immoral,extremely unexpected,African American/Black,"$100,000 or more",Very interested,Independent,,Something else (Please Specify),"Spiritual ",Graduate or professional degree,Complete,5c29cae92c45d40001499743
2019-11-06 09:57:11,2019-11-06 10:05:31,IP Address,76.221.209.152,100,500,True,2019-11-06 10:05:32,R_2a9T6CuOONGjOgP,,,,,42.3173065185546875,-85.17819976806640625,anonymous,EN,I agree to participate,5d617ba9364f9a0019f1dac3,Understood! Begin survey.,33,Other,No,30,1,very harmful,extremely immoral,not at all unexpected,very harmful,extremely immoral,slightly unexpected,moderately harmful,extremely immoral,not at all unexpected,very harmful,very immoral,slightly unexpected,extremely harmful,extremely immoral,extremely unexpected,extremely harmful,not at all immoral,moderately unexpected,slightly harmful,very immoral,not at all unexpected,slightly harmful,slightly immoral,not at all unexpected,moderately harmful,moderately immoral,slightly unexpected,slightly harmful,moderately immoral,very unexpected,moderately harmful,very immoral,slightly unexpected,not at all harmful,not at all immoral,not at all unexpected,not at all harmful,not at all immoral,slightly unexpected,slightly harmful,not at all immoral,slightly unexpected,slightly harmful,not at all immoral,not at all unexpected,not at all harmful,not at all immoral,not at all unexpected,slightly harmful,moderately immoral,not at all unexpected,slightly harmful,not at all immoral,very unexpected,slightly harmful,moderately immoral,not at all unexpected,extremely harmful,very immoral,moderately unexpected,very harmful,very immoral,slightly unexpected,moderately harmful,moderately immoral,not at all unexpected,not at all harmful,not at all immoral,not at all unexpected,slightly harmful,not at all immoral,very unexpected,very harmful,not at all immoral,extremely unexpected,moderately harmful,moderately immoral,very unexpected,not at all harmful,extremely immoral,extremely unexpected,Other,"Less than $25,000",Somewhat interested,Democrat,,Agnostic,,Associate's degree,Complete,5d617ba9364f9a0019f1dac3
2019-11-06 09:57:55,2019-11-06 10:05:51,IP Address,68.44.196.69,100,475,True,2019-11-06 10:05:51,R_XqgIlbuzWisp3rj,,,,,39.6757049560546875,-86.06939697265625,anonymous,EN,I agree to participate,5c61dc9a6465e70001d49ef7,Understood! Begin survey.,31,Female,Yes,,2,extremely harmful,extremely immoral,extremely unexpected,extremely harmful,extremely immoral,very unexpected,very harmful,extremely immoral,very unexpected,very harmful,very immoral,moderately unexpected,extremely harmful,extremely immoral,extremely unexpected,extremely harmful,not at all immoral,moderately unexpected,moderately harmful,very immoral,moderately unexpected,extremely harmful,extremely immoral,very unexpected,very harmful,extremely immoral,very unexpected,extremely harmful,extremely immoral,extremely unexpected,very harmful,very immoral,moderately unexpected,moderately harmful,moderately immoral,moderately unexpected,slightly harmful,slightly immoral,slightly unexpected,extremely harmful,extremely immoral,very unexpected,very harmful,very immoral,moderately unexpected,extremely harmful,extremely immoral,very unexpected,extremely harmful,extremely immoral,extremely unexpected,moderately harmful,slightly immoral,extremely unexpected,very harmful,moderately immoral,moderately unexpected,extremely harmful,extremely immoral,very unexpected,extremely harmful,extremely immoral,extremely unexpected,extremely harmful,extremely immoral,extremely unexpected,moderately harmful,extremely immoral,very unexpected,moderately harmful,very immoral,very unexpected,extremely harmful,extremely immoral,extremely unexpected,extremely harmful,extremely immoral,extremely unexpected,not at all harmful,extremely immoral,extremely unexpected,White,"$75,001 to $99,999",Somewhat interested,Democrat,,Religious,,Bachelor's degree,Complete,5c61dc9a6465e70001d49ef7
2019-11-06 09:57:08,2019-11-06 10:06:01,IP Address,71.82.203.42,100,532,True,2019-11-06 10:06:01,R_3RmWzi9ZkQgtqss,,,,,43.0352020263671875,-83.52480316162109375,anonymous,EN,I agree to participate,5d7bde81c7390f00169b2fdf,Understood! Begin survey.,26,Female,Yes,,2,very harmful,very immoral,very unexpected,extremely harmful,extremely immoral,moderately unexpected,very harmful,very immoral,slightly unexpected,very harmful,very immoral,extremely unexpected,very harmful,extremely immoral,very unexpected,extremely harmful,not at all immoral,moderately unexpected,moderately harmful,moderately immoral,moderately unexpected,moderately harmful,moderately immoral,moderately unexpected,very harmful,very immoral,moderately unexpected,moderately harmful,moderately immoral,very unexpected,moderately harmful,moderately immoral,slightly unexpected,slightly harmful,slightly immoral,slightly unexpected,slightly harmful,not at all immoral,slightly unexpected,slightly harmful,slightly immoral,slightly unexpected,slightly harmful,slightly immoral,moderately unexpected,slightly harmful,slightly immoral,moderately unexpected,moderately harmful,very immoral,moderately unexpected,not at all harmful,not at all immoral,slightly unexpected,slightly harmful,slightly immoral,slightly unexpected,slightly harmful,slightly immoral,moderately unexpected,moderately harmful,moderately immoral,very unexpected,very harmful,very immoral,moderately unexpected,not at all harmful,not at all immoral,very unexpected,moderately harmful,moderately immoral,very unexpected,very harmful,moderately immoral,extremely unexpected,extremely harmful,extremely immoral,extremely unexpected,not at all harmful,extremely immoral,extremely unexpected,White,"Less than $25,000",Not very interested,Democrat,,An atheist,,Associate's degree,Complete,5d7bde81c7390f00169b2fdf
2019-11-06 09:59:31,2019-11-06 10:07:41,IP Address,107.145.116.153,100,489,True,2019-11-06 10:07:42,R_1rcY16AmLgB69yI,,,,,28.206207275390625,-80.68740081787109375,anonymous,EN,I agree to participate,5c65feca0d7f5f00014b853d,Understood! Begin survey.,30,Male,Yes,,2,very harmful,moderately immoral,slightly unexpected,slightly harmful,moderately immoral,slightly unexpected,not at all harmful,not at all immoral,not at all unexpected,slightly harmful,slightly immoral,slightly unexpected,slightly harmful,slightly immoral,slightly unexpected,extremely harmful,not at all immoral,moderately unexpected,not at all harmful,not at all immoral,slightly unexpected,not at all harmful,not at all immoral,not at all unexpected,not at all harmful,not at all immoral,not at all unexpected,not at all harmful,not at all immoral,not at all unexpected,not at all harmful,not at all immoral,not at all unexpected,not at all harmful,not at all immoral,not at all unexpected,not at all harmful,not at all immoral,not at all unexpected,not at all harmful,not at all immoral,not at all unexpected,slightly harmful,not at all immoral,slightly unexpected,not at all harmful,not at all immoral,not at all unexpected,not at all harmful,not at all immoral,slightly unexpected,not at all harmful,not at all immoral,slightly unexpected,not at all harmful,not at all immoral,not at all unexpected,not at all harmful,not at all immoral,not at all unexpected,not at all harmful,slightly immoral,slightly unexpected,slightly harmful,slightly immoral,slightly unexpected,not at all harmful,not at all immoral,not at all unexpected,moderately harmful,slightly immoral,moderately unexpected,moderately harmful,moderately immoral,moderately unexpected,slightly harmful,moderately immoral,moderately unexpected,not at all harmful,extremely immoral,extremely unexpected,African American/Black,"$25,001 to $50,000",Very interested,Democrat,,Something else (Please Specify),No religion,Bachelor's degree,Complete,5c65feca0d7f5f00014b853d
2019-11-06 09:57:37,2019-11-06 10:07:56,IP Address,35.133.105.105,100,618,True,2019-11-06 10:07:56,R_2rAeigPbMIgDf5q,,,,,40.9221954345703125,-96.5260009765625,anonymous,EN,I agree to participate,5cc8cab1f67ce800171cc5b2,Understood! Begin survey.,36,Female,Yes,,2,extremely harmful,extremely immoral,moderately unexpected,extremely harmful,extremely immoral,moderately unexpected,very harmful,very immoral,slightly unexpected,extremely harmful,extremely immoral,moderately unexpected,extremely harmful,extremely immoral,very unexpected,extremely harmful,not at all immoral,moderately unexpected,slightly harmful,very immoral,slightly unexpected,moderately harmful,very immoral,slightly unexpected,moderately harmful,very immoral,slightly unexpected,very harmful,extremely immoral,moderately unexpected,moderately harmful,very immoral,slightly unexpected,slightly harmful,slightly immoral,not at all unexpected,slightly harmful,slightly immoral,not at all unexpected,moderately harmful,moderately immoral,slightly unexpected,slightly harmful,moderately immoral,slightly unexpected,slightly harmful,moderately immoral,slightly unexpected,very harmful,very immoral,moderately unexpected,slightly harmful,slightly immoral,moderately unexpected,moderately harmful,very immoral,slightly unexpected,moderately harmful,moderately immoral,slightly unexpected,very harmful,very immoral,slightly unexpected,very harmful,extremely immoral,slightly unexpected,moderately harmful,moderately immoral,not at all unexpected,extremely harmful,extremely immoral,very unexpected,extremely harmful,extremely immoral,very unexpected,very harmful,very immoral,very unexpected,not at all harmful,extremely immoral,extremely unexpected,White,"$75,001 to $99,999",Not very interested,,,An atheist,,Bachelor's degree,Complete,5cc8cab1f67ce800171cc5b2
2019-11-06 09:57:32,2019-11-06 10:08:01,IP Address,73.183.168.86,100,629,True,2019-11-06 10:08:02,R_AjqAFaRuMO6EaT7,,,,,29.832305908203125,-95.73600006103515625,anonymous,EN,I agree to participate,5c264f0d70073200012cd5bb,Understood! Begin survey.,25,Female,Yes,,1,extremely harmful,extremely immoral,moderately unexpected,extremely harmful,extremely immoral,moderately unexpected,extremely harmful,extremely immoral,moderately unexpected,very harmful,very immoral,moderately unexpected,extremely harmful,extremely immoral,moderately unexpected,extremely harmful,not at all immoral,moderately unexpected,moderately harmful,very immoral,not at all unexpected,moderately harmful,moderately immoral,slightly unexpected,moderately harmful,very immoral,not at all unexpected,extremely harmful,extremely immoral,moderately unexpected,very harmful,very immoral,slightly unexpected,moderately harmful,moderately immoral,not at all unexpected,slightly harmful,moderately immoral,moderately unexpected,moderately harmful,moderately immoral,slightly unexpected,moderately harmful,moderately immoral,slightly unexpected,very harmful,very immoral,moderately unexpected,very harmful,extremely immoral,moderately unexpected,very harmful,very immoral,very unexpected,very harmful,very immoral,slightly unexpected,extremely harmful,very immoral,slightly unexpected,very harmful,extremely immoral,moderately unexpected,extremely harmful,extremely immoral,not at all unexpected,slightly harmful,not at all immoral,not at all unexpected,extremely harmful,extremely immoral,very unexpected,extremely harmful,extremely immoral,very unexpected,extremely harmful,extremely immoral,extremely unexpected,not at all harmful,extremely immoral,extremely unexpected,Other,"$100,000 or more",Somewhat interested,Independent,,Agnostic,,Bachelor's degree,Complete,5c264f0d70073200012cd5bb
2019-11-06 09:55:01,2019-11-06 10:08:19,IP Address,128.180.220.127,100,797,True,2019-11-06 10:08:19,R_1f44wOcIKv2t1uH,,,,,40.5995025634765625,-75.3762969970703125,anonymous,EN,I agree to participate,5d9d2e421af9ed0011c31894,Understood! Begin survey.,46,Female,Yes,,1,extremely harmful,extremely immoral,moderately unexpected,extremely harmful,extremely immoral,moderately unexpected,very harmful,very immoral,slightly unexpected,moderately harmful,moderately immoral,very unexpected,extremely harmful,extremely immoral,extremely unexpected,extremely harmful,not at all immoral,moderately unexpected,slightly harmful,slightly immoral,not at all unexpected,slightly harmful,slightly immoral,slightly unexpected,slightly harmful,moderately immoral,not at all unexpected,not at all harmful,not at all immoral,very unexpected,extremely harmful,moderately immoral,slightly unexpected,not at all harmful,not at all immoral,not at all unexpected,not at all harmful,not at all immoral,not at all unexpected,slightly harmful,slightly immoral,moderately unexpected,slightly harmful,slightly immoral,moderately unexpected,slightly harmful,slightly immoral,slightly unexpected,moderately harmful,slightly immoral,not at all unexpected,slightly harmful,not at all immoral,very unexpected,moderately harmful,moderately immoral,moderately unexpected,very harmful,moderately immoral,moderately unexpected,moderately harmful,moderately immoral,slightly unexpected,slightly harmful,slightly immoral,not at all unexpected,moderately harmful,not at all immoral,not at all unexpected,not at all harmful,slightly immoral,very unexpected,not at all harmful,moderately immoral,extremely unexpected,moderately harmful,moderately immoral,extremely unexpected,not at all harmful,extremely immoral,extremely unexpected,White,"$100,000 or more",Very interested,Democrat,,Agnostic,,Graduate or professional degree,Complete,5d9d2e421af9ed0011c31894
2019-11-06 09:56:13,2019-11-06 10:09:28,IP Address,73.124.74.29,100,794,True,2019-11-06 10:09:28,R_1206Xs3tmXVYENi,,,,,25.7277069091796875,-80.3715972900390625,anonymous,EN,I agree to participate,5ce6aa00fa609f00157002d0,Understood! Begin survey.,40,Female,Yes,,2,extremely harmful,very immoral,moderately unexpected,extremely harmful,very immoral,moderately unexpected,very harmful,moderately immoral,moderately unexpected,extremely harmful,moderately immoral,very unexpected,extremely harmful,very immoral,extremely unexpected,extremely harmful,not at all immoral,moderately unexpected,not at all harmful,moderately immoral,slightly unexpected,slightly harmful,slightly immoral,slightly unexpected,slightly harmful,moderately immoral,slightly unexpected,moderately harmful,moderately immoral,very unexpected,moderately harmful,slightly immoral,moderately unexpected,moderately harmful,moderately immoral,slightly unexpected,not at all harmful,not at all immoral,not at all unexpected,slightly harmful,slightly immoral,slightly unexpected,not at all harmful,not at all immoral,moderately unexpected,slightly harmful,not at all immoral,very unexpected,slightly harmful,slightly immoral,moderately unexpected,slightly harmful,not at all immoral,very unexpected,moderately harmful,moderately immoral,moderately unexpected,very harmful,slightly immoral,very unexpected,very harmful,moderately immoral,moderately unexpected,moderately harmful,very immoral,moderately unexpected,moderately harmful,very immoral,moderately unexpected,moderately harmful,very immoral,very unexpected,very harmful,extremely immoral,extremely unexpected,extremely harmful,extremely immoral,extremely unexpected,not at all harmful,extremely immoral,extremely unexpected,White,"$25,001 to $50,000",Very interested,Independent,,Religious,,Associate's degree,Complete,5ce6aa00fa609f00157002d0
2019-11-06 09:56:56,2019-11-06 10:10:20,IP Address,174.107.108.45,100,803,True,2019-11-06 10:10:20,R_2txQj5StD48LQTn,,,,,34.0095062255859375,-81.08190155029296875,anonymous,EN,I agree to participate,5a9c76db89de8200013f14b7,Understood! Begin survey.,46,Female,Yes,,3,extremely harmful,extremely immoral,extremely unexpected,extremely harmful,extremely immoral,extremely unexpected,extremely harmful,extremely immoral,moderately unexpected,slightly harmful,not at all immoral,slightly unexpected,extremely harmful,extremely immoral,extremely unexpected,extremely harmful,not at all immoral,moderately unexpected,moderately harmful,moderately immoral,slightly unexpected,moderately harmful,very immoral,moderately unexpected,moderately harmful,very immoral,moderately unexpected,very harmful,very immoral,extremely unexpected,moderately harmful,very immoral,slightly unexpected,moderately harmful,moderately immoral,slightly unexpected,slightly harmful,not at all immoral,slightly unexpected,slightly harmful,not at all immoral,moderately unexpected,slightly harmful,not at all immoral,moderately unexpected,moderately harmful,slightly immoral,moderately unexpected,very harmful,very immoral,very unexpected,moderately harmful,slightly immoral,extremely unexpected,very harmful,very immoral,moderately unexpected,moderately harmful,slightly immoral,moderately unexpected,very harmful,very immoral,slightly unexpected,very harmful,moderately immoral,not at all unexpected,moderately harmful,not at all immoral,not at all unexpected,moderately harmful,extremely immoral,extremely unexpected,extremely harmful,extremely immoral,extremely unexpected,extremely harmful,extremely immoral,extremely unexpected,not at all harmful,extremely immoral,extremely unexpected,African American/Black,"Less than $25,000",Somewhat interested,Democrat,,Agnostic,,Some college,Complete,5a9c76db89de8200013f14b7
2019-11-06 09:56:43,2019-11-06 10:10:32,IP Address,68.125.173.112,100,829,True,2019-11-06 10:10:33,R_XonGVCaUYZenRND,,,,,32.65899658203125,-96.87650299072265625,anonymous,EN,I agree to participate,5d98d703378cc1032e7ce5fc,Understood! Begin survey.,27,Female,Yes,,2,extremely harmful,extremely immoral,very unexpected,extremely harmful,extremely immoral,very unexpected,extremely harmful,extremely immoral,very unexpected,extremely harmful,extremely immoral,extremely unexpected,extremely harmful,extremely immoral,extremely unexpected,extremely harmful,not at all immoral,moderately unexpected,very harmful,extremely immoral,very unexpected,moderately harmful,very immoral,slightly unexpected,very harmful,very immoral,very unexpected,extremely harmful,extremely immoral,extremely unexpected,slightly harmful,extremely immoral,not at all unexpected,moderately harmful,not at all immoral,not at all unexpected,not at all harmful,slightly immoral,slightly unexpected,slightly harmful,slightly immoral,slightly unexpected,slightly harmful,not at all immoral,not at all unexpected,slightly harmful,not at all immoral,not at all unexpected,extremely harmful,extremely immoral,very unexpected,not at all harmful,not at all immoral,extremely unexpected,moderately harmful,moderately immoral,moderately unexpected,extremely harmful,extremely immoral,extremely unexpected,very harmful,very immoral,moderately unexpected,moderately harmful,moderately immoral,slightly unexpected,not at all harmful,not at all immoral,moderately unexpected,extremely harmful,extremely immoral,extremely unexpected,extremely harmful,extremely immoral,extremely unexpected,extremely harmful,extremely immoral,extremely unexpected,not at all harmful,extremely immoral,extremely unexpected,White,"$25,001 to $50,000",Very interested,Democrat,,An atheist,,Bachelor's degree,Complete,5d98d703378cc1032e7ce5fc
2019-11-06 09:57:15,2019-11-06 10:10:35,IP Address,199.189.240.176,100,799,True,2019-11-06 10:10:35,R_2QQmvuhnSzxTl08,,,,,35.49859619140625,-86.08480072021484375,anonymous,EN,I agree to participate,598fba148380cc00012a3ce7,Understood! Begin survey.,33,Female,Yes,,2,extremely harmful,extremely immoral,slightly unexpected,extremely harmful,extremely immoral,extremely unexpected,extremely harmful,extremely immoral,extremely unexpected,extremely harmful,extremely immoral,extremely unexpected,extremely harmful,extremely immoral,extremely unexpected,extremely harmful,not at all immoral,moderately unexpected,moderately harmful,very immoral,moderately unexpected,slightly harmful,slightly immoral,not at all unexpected,moderately harmful,very immoral,moderately unexpected,extremely harmful,extremely immoral,extremely unexpected,moderately harmful,moderately immoral,not at all unexpected,slightly harmful,slightly immoral,not at all unexpected,not at all harmful,not at all immoral,not at all unexpected,slightly harmful,slightly immoral,slightly unexpected,not at all harmful,not at all immoral,slightly unexpected,moderately harmful,moderately immoral,slightly unexpected,moderately harmful,very immoral,moderately unexpected,slightly harmful,slightly immoral,very unexpected,very harmful,very immoral,very unexpected,very harmful,extremely immoral,moderately unexpected,very harmful,very immoral,very unexpected,extremely harmful,extremely immoral,slightly unexpected,not at all harmful,not at all immoral,not at all unexpected,extremely harmful,extremely immoral,extremely unexpected,extremely harmful,extremely immoral,extremely unexpected,extremely harmful,extremely immoral,extremely unexpected,not at all harmful,extremely immoral,extremely unexpected,White,"$50,001 to $75,000",Very interested,Democrat,,An atheist,,Some college,Complete,598fba148380cc00012a3ce7
2019-11-06 09:55:05,2019-11-06 10:13:48,IP Address,107.135.74.72,100,1122,True,2019-11-06 10:13:48,R_Zw7EAH8wV0TaEP7,,,,,30.3607940673828125,-91.09169769287109375,anonymous,EN,I agree to participate,5d4deacbd056d00019082be9,Understood! Begin survey.,27,Female,Yes,,3,extremely harmful,very immoral,extremely unexpected,extremely harmful,very immoral,moderately unexpected,very harmful,very immoral,slightly unexpected,extremely harmful,extremely immoral,slightly unexpected,extremely harmful,extremely immoral,extremely unexpected,extremely harmful,not at all immoral,moderately unexpected,moderately harmful,very immoral,very unexpected,slightly harmful,slightly immoral,slightly unexpected,moderately harmful,moderately immoral,moderately unexpected,extremely harmful,extremely immoral,extremely unexpected,slightly harmful,slightly immoral,slightly unexpected,moderately harmful,moderately immoral,slightly unexpected,not at all harmful,slightly immoral,moderately unexpected,slightly harmful,moderately immoral,very unexpected,slightly harmful,slightly immoral,not at all unexpected,very harmful,moderately immoral,extremely unexpected,extremely harmful,moderately immoral,very unexpected,extremely harmful,extremely immoral,extremely unexpected,moderately harmful,very immoral,slightly unexpected,extremely harmful,very immoral,extremely unexpected,very harmful,extremely immoral,slightly unexpected,extremely harmful,extremely immoral,moderately unexpected,not at all harmful,not at all immoral,not at all unexpected,moderately harmful,extremely immoral,extremely unexpected,extremely harmful,extremely immoral,extremely unexpected,extremely harmful,extremely immoral,extremely unexpected,not at all harmful,extremely immoral,extremely unexpected,African American/Black,"$50,001 to $75,000",Somewhat interested,Independent,,Something else (Please Specify),Spiritual,Associate's degree,Complete,5d4deacbd056d00019082be9
2019-11-06 09:58:51,2019-11-06 10:14:16,IP Address,68.205.49.203,100,925,True,2019-11-06 10:14:16,R_3kuJPX2AsVXiGX7,,,,,28.558807373046875,-81.3495025634765625,anonymous,EN,I agree to participate,5d7126d0585f4f000139a9e8,Understood! Begin survey.,26,Female,Yes,,2,extremely harmful,extremely immoral,moderately unexpected,extremely harmful,very immoral,slightly unexpected,extremely harmful,moderately immoral,slightly unexpected,slightly harmful,slightly immoral,not at all unexpected,very harmful,very immoral,extremely unexpected,extremely harmful,not at all immoral,moderately unexpected,moderately harmful,moderately immoral,very unexpected,slightly harmful,slightly immoral,not at all unexpected,moderately harmful,very immoral,slightly unexpected,extremely harmful,extremely immoral,very unexpected,slightly harmful,slightly immoral,not at all unexpected,moderately harmful,moderately immoral,not at all unexpected,slightly harmful,slightly immoral,not at all unexpected,slightly harmful,slightly immoral,moderately unexpected,slightly harmful,moderately immoral,very unexpected,moderately harmful,moderately immoral,very unexpected,moderately harmful,moderately immoral,moderately unexpected,moderately harmful,moderately immoral,extremely unexpected,slightly harmful,slightly immoral,not at all unexpected,slightly harmful,not at all immoral,very unexpected,very harmful,very immoral,slightly unexpected,extremely harmful,extremely immoral,moderately unexpected,not at all harmful,not at all immoral,not at all unexpected,very harmful,extremely immoral,very unexpected,extremely harmful,extremely immoral,very unexpected,extremely harmful,extremely immoral,extremely unexpected,not at all harmful,extremely immoral,extremely unexpected,Other,"$50,001 to $75,000",Somewhat interested,Democrat,,Something else (Please Specify),Spiritual,Bachelor's degree,Complete,5d7126d0585f4f000139a9e8
2019-11-06 10:47:41,2019-11-06 11:03:20,IP Address,71.96.58.132,100,939,True,2019-11-06 11:03:21,R_10VI9wdlQaoJKbT,,,,,33.2274932861328125,-97.1277008056640625,anonymous,EN,I agree to participate,5daf7339bca8f900171c06a5,Understood! Begin survey.,22,Female,Yes,,2,extremely harmful,extremely immoral,extremely unexpected,extremely harmful,extremely immoral,moderately unexpected,extremely harmful,extremely immoral,moderately unexpected,extremely harmful,very immoral,very unexpected,extremely harmful,extremely immoral,extremely unexpected,extremely harmful,not at all immoral,moderately unexpected,slightly harmful,very immoral,very unexpected,moderately harmful,very immoral,very unexpected,very harmful,extremely immoral,very unexpected,very harmful,extremely immoral,slightly unexpected,very harmful,moderately immoral,moderately unexpected,slightly harmful,slightly immoral,not at all unexpected,slightly harmful,very immoral,slightly unexpected,very harmful,slightly immoral,very unexpected,extremely harmful,moderately immoral,extremely unexpected,extremely harmful,extremely immoral,very unexpected,very harmful,very immoral,very unexpected,not at all harmful,not at all immoral,slightly unexpected,extremely harmful,very immoral,very unexpected,very harmful,extremely immoral,extremely unexpected,extremely harmful,extremely immoral,slightly unexpected,very harmful,very immoral,very unexpected,not at all harmful,slightly immoral,slightly unexpected,moderately harmful,slightly immoral,slightly unexpected,extremely harmful,extremely immoral,extremely unexpected,extremely harmful,extremely immoral,extremely unexpected,not at all harmful,extremely immoral,extremely unexpected,White,"Less than $25,000",Somewhat interested,Democrat,,Agnostic,,Some college,Complete,5daf7339bca8f900171c06a5
