StartDate,EndDate,Status,IPAddress,Progress,Duration (in seconds),Finished,RecordedDate,ResponseId,RecipientLastName,RecipientFirstName,RecipientEmail,ExternalReference,LocationLatitude,LocationLongitude,DistributionChannel,UserLanguage,consent,PID,example_2,age_1,gender,country,time_us_1,ideology_1,begin_immoral,i_pkp_t_First Click,i_pkp_t_Last Click,i_pkp_t_Page Submit,i_pkp_t_Click Count,i_pkp,i_phc_t_First Click,i_phc_t_Last Click,i_phc_t_Page Submit,i_phc_t_Click Count,i_phc,i_tmdp_t_First Click,i_tmdp_t_Last Click,i_tmdp_t_Page Submit,i_tmdp_t_Click Count,i_tmdp,i_whh_t_First Click,i_whh_t_Last Click,i_whh_t_Page Submit,i_whh_t_Click Count,i_whh,i_thls_t_First Click,i_thls_t_Last Click,i_thls_t_Page Submit,i_thls_t_Click Count,i_thls,i_adr_t_First Click,i_adr_t_Last Click,i_adr_t_Page Submit,i_adr_t_Click Count,i_adr,i_elb_t_First Click,i_elb_t_Last Click,i_elb_t_Page Submit,i_elb_t_Click Count,i_elb,i_acr_t_First Click,i_acr_t_Last Click,i_acr_t_Page Submit,i_acr_t_Click Count,i_acr,i_jbd_t_First Click,i_jbd_t_Last Click,i_jbd_t_Page Submit,i_jbd_t_Click Count,i_jbd,i_scc_t_First Click,i_scc_t_Last Click,i_scc_t_Page Submit,i_scc_t_Click Count,i_scc,i_ddf_t_First Click,i_ddf_t_Last Click,i_ddf_t_Page Submit,i_ddf_t_Click Count,i_ddf,i_git_t_First Click,i_git_t_Last Click,i_git_t_Page Submit,i_git_t_Click Count,i_git,i_idb_t_First Click,i_idb_t_Last Click,i_idb_t_Page Submit,i_idb_t_Click Count,i_idb,i_ayc_t_First Click,i_ayc_t_Last Click,i_ayc_t_Page Submit,i_ayc_t_Click Count,i_ayc,i_sip_t_First Click,i_sip_t_Last Click,i_sip_t_Page Submit,i_sip_t_Click Count,i_sip,i_ecc_t_First Click,i_ecc_t_Last Click,i_ecc_t_Page Submit,i_ecc_t_Click Count,i_ecc,i_ccr_t_First Click,i_ccr_t_Last Click,i_ccr_t_Page Submit,i_ccr_t_Click Count,i_ccr,i_mbr_t_First Click,i_mbr_t_Last Click,i_mbr_t_Page Submit,i_mbr_t_Click Count,i_mbr,i_msn_t_First Click,i_msn_t_Last Click,i_msn_t_Page Submit,i_msn_t_Click Count,i_msn,i_mbw_t_First Click,i_mbw_t_Last Click,i_mbw_t_Page Submit,i_mbw_t_Click Count,i_mbw,i_mpsa_t_First Click,i_mpsa_t_Last Click,i_mpsa_t_Page Submit,i_mpsa_t_Click Count,i_mpsa,i_php_t_First Click,i_php_t_Last Click,i_php_t_Page Submit,i_php_t_Click Count,i_php,i_mmc_t_First Click,i_mmc_t_Last Click,i_mmc_t_Page Submit,i_mmc_t_Click Count,i_mmc,i_mmls_t_First Click,i_mmls_t_Last Click,i_mmls_t_Page Submit,i_mmls_t_Click Count,i_mmls,i_msas_t_First Click,i_msas_t_Last Click,i_msas_t_Page Submit,i_msas_t_Click Count,i_msas,att_2,begin_harm,h_pkp_t_First Click,h_pkp_t_Last Click,h_pkp_t_Page Submit,h_pkp_t_Click Count,h_pkp,h_phc_t_First Click,h_phc_t_Last Click,h_phc_t_Page Submit,h_phc_t_Click Count,h_phc,h_tmdp_t_First Click,h_tmdp_t_Last Click,h_tmdp_t_Page Submit,h_tmdp_t_Click Count,h_tmdp,h_whh_t_First Click,h_whh_t_Last Click,h_whh_t_Page Submit,h_whh_t_Click Count,h_whh,h_thls_t_First Click,h_thls_t_Last Click,h_thls_t_Page Submit,h_thls_t_Click Count,h_thls,h_adr_t_First Click,h_adr_t_Last Click,h_adr_t_Page Submit,h_adr_t_Click Count,h_adr,h_elb_t_First Click,h_elb_t_Last Click,h_elb_t_Page Submit,h_elb_t_Click Count,h_elb,h_acr_t_First Click,h_acr_t_Last Click,h_acr_t_Page Submit,h_acr_t_Click Count,h_acr,h_jbd_t_First Click,h_jbd_t_Last Click,h_jbd_t_Page Submit,h_jbd_t_Click Count,h_jbd,h_scc_t_First Click,h_scc_t_Last Click,h_scc_t_Page Submit,h_scc_t_Click Count,h_scc,h_ddf_t_First Click,h_ddf_t_Last Click,h_ddf_t_Page Submit,h_ddf_t_Click Count,h_ddf,h_git_t_First Click,h_git_t_Last Click,h_git_t_Page Submit,h_git_t_Click Count,h_git,h_idb_t_First Click,h_idb_t_Last Click,h_idb_t_Page Submit,h_idb_t_Click Count,h_idb,h_ayc_t_First Click,h_ayc_t_Last Click,h_ayc_t_Page Submit,h_ayc_t_Click Count,h_ayc,h_sip_t_First Click,h_sip_t_Last Click,h_sip_t_Page Submit,h_sip_t_Click Count,h_sip,h_ecc_t_First Click,h_ecc_t_Last Click,h_ecc_t_Page Submit,h_ecc_t_Click Count,h_ecc,h_ccr_t_First Click,h_ccr_t_Last Click,h_ccr_t_Page Submit,h_ccr_t_Click Count,h_ccr,h_mbr_t_First Click,h_mbr_t_Last Click,h_mbr_t_Page Submit,h_mbr_t_Click Count,h_mbr,h_msn_t_First Click,h_msn_t_Last Click,h_msn_t_Page Submit,h_msn_t_Click Count,h_msn,h_mbw_t_First Click,h_mbw_t_Last Click,h_mbw_t_Page Submit,h_mbw_t_Click Count,h_mbw,h_mpsa_t_First Click,h_mpsa_t_Last Click,h_mpsa_t_Page Submit,h_mpsa_t_Click Count,h_mpsa,h_php_t_First Click,h_php_t_Last Click,h_php_t_Page Submit,h_php_t_Click Count,h_php,h_mmc_t_First Click,h_mmc_t_Last Click,h_mmc_t_Page Submit,h_mmc_t_Click Count,h_mmc,h_mmls_t_First Click,h_mmls_t_Last Click,h_mmls_t_Page Submit,h_mmls_t_Click Count,h_mmls,h_msas_t_First Click,h_msas_t_Last Click,h_msas_t_Page Submit,h_msas_t_Click Count,h_msas,att_1,att_3,race,income,int_pol,pol_id,pol_id_5_TEXT,relig,relig_5_TEXT,education,debrief,PROLIFIC_PID
Start Date,End Date,Response Type,IP Address,Progress,Duration (in seconds),Finished,Recorded Date,Response ID,Recipient Last Name,Recipient First Name,Recipient Email,External Data Reference,Location Latitude,Location Longitude,Distribution Channel,User Language,"Thank you for participating! 

 

This project is designed to study the way people judge whether certain situations are right or wrong. You will to tell us -as quickly as possible - what you think about a series of fictional scenarios. The entire study should take approximately 15 minutes.
Key Information 


Your participation is entirely voluntary and you may withdraw at any point. However, you must answer all questions, perform all tasks, and proceed to the final screen of the study in order to receive a link for your payment. For successful participation in the study, you will receive $1.80, paid by transfer to your Prolific account. 

 

We will adhere, at all times, to strict standards of confidentiality. Information obtained through your participation will be accessible only by the research team. Your name will not be attached to your data in any way. Although collected data may be made public or used for future research purposes, your identity will always remain confidential. 

 

You must be in the United States to qualify to participate in this study. If you are not, you will be directed to the end of the survey after this page. Further, in accordance with Prolific policies, we may reject your work if the task was not completed correctly or the instructions were not followed.



This is a study about moral transgressions and, therefore, the vignettes that you will have to evaluate might contain graphic and/or violent language (e.g. references to murder or sexual violence). If this is in any way distressing, please feel free to abstain from participation.



If you have questions, you may contact Duke Researchers at nr120@duke.edu. If you have any questions about your rights as a research participant, please contact the Duke University Human Subjects Protection Committee at campusIRB@duke.edu. 



By clicking “I agree to participate” you indicate that you understand the study description above, that you understand the qualifications to participate in this study, that you will follow instructions in the study, and that you agree to participate. You may save and/or print this form if you want to.",Please enter your Prolific ID:,"In the survey, there will be periodic attention checks. These will tell you explicitly if you should press J or K. In the example below, the screen tells you clearly that the event is harmless. In this case, then, you should press K. Please be mindful: incorrect answers in the attention checks will result in lack of compensation. There are no time limits for the attention checks!",What is your age in years? - Age:,What gender would you consider yourself?,Were you born in the U.S.?,"In years, how long have you lived in the U.S.? - Years:","We hear a lot of talk these days about liberals and conservatives 
On a scale from 1 to 7, going from extremely liberal  to extremely conservative, where would you place yourself? - 1","We will begin by asking you whether events are ""immoral"" or ""not immoral"". 

 

Press J for ""Immoral""                                        Press K for ""Not Immoral""",Timing - First Click,Timing - Last Click,Timing - Page Submit,Timing - Click Count,"A person kills a person.

 

This event is:",Timing - First Click,Timing - Last Click,Timing - Page Submit,Timing - Click Count,"A person hurts a child.

 

This event is:",Timing - First Click,Timing - Last Click,Timing - Page Submit,Timing - Click Count,"A teenager mocks a disabled person.

 

This event is:",Timing - First Click,Timing - Last Click,Timing - Page Submit,Timing - Click Count,"A wife hits her forgetful husband.

 

This event is:",Timing - First Click,Timing - Last Click,Timing - Page Submit,Timing - Click Count,"A teacher hits a lazy student.

 

This event is:",Timing - First Click,Timing - Last Click,Timing - Page Submit,Timing - Click Count,"An athlete deceives the referee.

 

This event is:",Timing - First Click,Timing - Last Click,Timing - Page Submit,Timing - Click Count,"An employee lies to the boss.

 

This event is:",Timing - First Click,Timing - Last Click,Timing - Page Submit,Timing - Click Count,"An athlete cheats their rival.

 

This event is:",Timing - First Click,Timing - Last Click,Timing - Page Submit,Timing - Click Count,"A judge befriends the defendant.

 

This event is:",Timing - First Click,Timing - Last Click,Timing - Page Submit,Timing - Click Count,"A student cheats their classmate.

 

This event is:",Timing - First Click,Timing - Last Click,Timing - Page Submit,Timing - Click Count,"A daughter disobeys her father.

 

This event is:",Timing - First Click,Timing - Last Click,Timing - Page Submit,Timing - Click Count,"A girl interrupts her teacher.

 

This event is:",Timing - First Click,Timing - Last Click,Timing - Page Submit,Timing - Click Count,"An intern disobeys the boss.

 

This event is:",Timing - First Click,Timing - Last Click,Timing - Page Submit,Timing - Click Count,"An athlete yells at their coach.

 

This event is:",Timing - First Click,Timing - Last Click,Timing - Page Submit,Timing - Click Count,"A student insults the professor.

 

This event is:",Timing - First Click,Timing - Last Click,Timing - Page Submit,Timing - Click Count,"An employee conspires with a competitor.

 

This event is:",Timing - First Click,Timing - Last Click,Timing - Page Submit,Timing - Click Count,"A coach cheers for the rival.

 

This event is:",Timing - First Click,Timing - Last Click,Timing - Page Submit,Timing - Click Count,"A man betrays his relative.

 

This event is:",Timing - First Click,Timing - Last Click,Timing - Page Submit,Timing - Click Count,"The mayor slanders a neighbor.

 

This event is:",Timing - First Click,Timing - Last Click,Timing - Page Submit,Timing - Click Count,"A man betrays his wife.

 

This event is:",Timing - First Click,Timing - Last Click,Timing - Page Submit,Timing - Click Count,"A married person has sex with an adulterer.

 

This event is:",Timing - First Click,Timing - Last Click,Timing - Page Submit,Timing - Click Count,"A person hires a prostitute.

 

This event is:",Timing - First Click,Timing - Last Click,Timing - Page Submit,Timing - Click Count,"A man marries his cousin.

 

This event is:",Timing - First Click,Timing - Last Click,Timing - Page Submit,Timing - Click Count,"A man makes love to his sister.

 

This event is:",Timing - First Click,Timing - Last Click,Timing - Page Submit,Timing - Click Count,"A mother sexually arouses her son.

 

This event is:",This is an immoral event:,"Now, we will ask you whether events are ""harmful"" or ""harmless"". 

 

Press J for ""harmful""                                          Press K for ""harmless""",Timing - First Click,Timing - Last Click,Timing - Page Submit,Timing - Click Count,"A person kills a person.

 

This event is:",Timing - First Click,Timing - Last Click,Timing - Page Submit,Timing - Click Count,"A person hurts a child.

 

This event is:",Timing - First Click,Timing - Last Click,Timing - Page Submit,Timing - Click Count,"A teenager mocks a disabled person.

 

This event is:",Timing - First Click,Timing - Last Click,Timing - Page Submit,Timing - Click Count,"A wife hits her forgetful husband.

 

This event is:",Timing - First Click,Timing - Last Click,Timing - Page Submit,Timing - Click Count,"A teacher hits a lazy student.

 

This event is:",Timing - First Click,Timing - Last Click,Timing - Page Submit,Timing - Click Count,"An athlete deceives the referee.

 

This event is:",Timing - First Click,Timing - Last Click,Timing - Page Submit,Timing - Click Count,"An employee lies to the boss.

 

This event is:",Timing - First Click,Timing - Last Click,Timing - Page Submit,Timing - Click Count,"An athlete cheats their rival.

 

This event is:",Timing - First Click,Timing - Last Click,Timing - Page Submit,Timing - Click Count,"A judge befriends the defendant.

 

This event is:",Timing - First Click,Timing - Last Click,Timing - Page Submit,Timing - Click Count,"A student cheats their classmate.

 

This event is:",Timing - First Click,Timing - Last Click,Timing - Page Submit,Timing - Click Count,"A daughter disobeys her father.

 

This event is:",Timing - First Click,Timing - Last Click,Timing - Page Submit,Timing - Click Count,"A girl interrupts her teacher.

 

This event is:",Timing - First Click,Timing - Last Click,Timing - Page Submit,Timing - Click Count,"An intern disobeys the boss.

 

This event is:",Timing - First Click,Timing - Last Click,Timing - Page Submit,Timing - Click Count,"An athlete yells at their coach.

 

This event is:",Timing - First Click,Timing - Last Click,Timing - Page Submit,Timing - Click Count,"A student insults the professor.

 

This event is:",Timing - First Click,Timing - Last Click,Timing - Page Submit,Timing - Click Count,"An employee conspires with a competitor.

 

This event is:",Timing - First Click,Timing - Last Click,Timing - Page Submit,Timing - Click Count,"A coach cheers for the rival.

 

This event is:",Timing - First Click,Timing - Last Click,Timing - Page Submit,Timing - Click Count,"A man betrays his relative.

 

This event is:",Timing - First Click,Timing - Last Click,Timing - Page Submit,Timing - Click Count,"The mayor slanders a neighbor.

 

This event is:",Timing - First Click,Timing - Last Click,Timing - Page Submit,Timing - Click Count,"A man betrays his wife.

 

This event is:",Timing - First Click,Timing - Last Click,Timing - Page Submit,Timing - Click Count,"A married person has sex with an adulterer.

 

This event is:",Timing - First Click,Timing - Last Click,Timing - Page Submit,Timing - Click Count,"A person hires a prostitute.

 

This event is:",Timing - First Click,Timing - Last Click,Timing - Page Submit,Timing - Click Count,"A man marries his cousin.

 

This event is:",Timing - First Click,Timing - Last Click,Timing - Page Submit,Timing - Click Count,"A man makes love to his sister.

 

This event is:",Timing - First Click,Timing - Last Click,Timing - Page Submit,Timing - Click Count,"A mother sexually arouses her son.

 

This event is:",This is a harmless event:,This is a harmful event:,What race do you consider yourself?,"Please estimate your 2019 total household income before taxes, including all earners in your household:",How interested would you say you are in politics?,I consider myself to be a(n): - Selected Choice,I consider myself to be a(n): - Something else (Please Specify) - Text,I consider myself: - Selected Choice,I consider myself: - Something else (Please Specify) - Text,What is the highest level of education that you have completed?,"Thank you for your participation. We would like to tell you about the purpose of the study you've just completed.
As stated in the beginning of the survey, this study was designed to study how people interpret moral transgressions. More specifically, the goal of the project is to understand how the meanings we attach to the people involved in situations influence the extent to which we perceive those events as immoral. We are less surprised when certain types of people commit immoral acts, and we are less surprised when certain types of people are the victims of such actions.
The scenarios used in this study contain different types of identities as well as different kinds of moral transgressions. This study is interested in how different combinations of these elements might affect how we make moral judgements. Your participation in this study will help researchers better understand how the structure of certain events might lead us to more readily identify moral wrongdoing.
Thank you again for your time and participation. If you have any questions regarding this study, please contact us by email at nr120@duke.edu.",PROLIFIC_PID
"{""ImportId"":""startDate"",""timeZone"":""America/Denver""}","{""ImportId"":""endDate"",""timeZone"":""America/Denver""}","{""ImportId"":""status""}","{""ImportId"":""ipAddress""}","{""ImportId"":""progress""}","{""ImportId"":""duration""}","{""ImportId"":""finished""}","{""ImportId"":""recordedDate"",""timeZone"":""America/Denver""}","{""ImportId"":""_recordId""}","{""ImportId"":""recipientLastName""}","{""ImportId"":""recipientFirstName""}","{""ImportId"":""recipientEmail""}","{""ImportId"":""externalDataReference""}","{""ImportId"":""locationLatitude""}","{""ImportId"":""locationLongitude""}","{""ImportId"":""distributionChannel""}","{""ImportId"":""userLanguage""}","{""ImportId"":""QID2""}","{""ImportId"":""QID3_TEXT""}","{""ImportId"":""QID15""}","{""ImportId"":""QID5_1""}","{""ImportId"":""QID6""}","{""ImportId"":""QID7""}","{""ImportId"":""QID8_1""}","{""ImportId"":""QID9_1""}","{""ImportId"":""QID182""}","{""ImportId"":""QID23_FIRST_CLICK""}","{""ImportId"":""QID23_LAST_CLICK""}","{""ImportId"":""QID23_PAGE_SUBMIT""}","{""ImportId"":""QID23_CLICK_COUNT""}","{""ImportId"":""QID24""}","{""ImportId"":""QID29_FIRST_CLICK""}","{""ImportId"":""QID29_LAST_CLICK""}","{""ImportId"":""QID29_PAGE_SUBMIT""}","{""ImportId"":""QID29_CLICK_COUNT""}","{""ImportId"":""QID30""}","{""ImportId"":""QID35_FIRST_CLICK""}","{""ImportId"":""QID35_LAST_CLICK""}","{""ImportId"":""QID35_PAGE_SUBMIT""}","{""ImportId"":""QID35_CLICK_COUNT""}","{""ImportId"":""QID36""}","{""ImportId"":""QID41_FIRST_CLICK""}","{""ImportId"":""QID41_LAST_CLICK""}","{""ImportId"":""QID41_PAGE_SUBMIT""}","{""ImportId"":""QID41_CLICK_COUNT""}","{""ImportId"":""QID42""}","{""ImportId"":""QID47_FIRST_CLICK""}","{""ImportId"":""QID47_LAST_CLICK""}","{""ImportId"":""QID47_PAGE_SUBMIT""}","{""ImportId"":""QID47_CLICK_COUNT""}","{""ImportId"":""QID48""}","{""ImportId"":""QID55_FIRST_CLICK""}","{""ImportId"":""QID55_LAST_CLICK""}","{""ImportId"":""QID55_PAGE_SUBMIT""}","{""ImportId"":""QID55_CLICK_COUNT""}","{""ImportId"":""QID56""}","{""ImportId"":""QID61_FIRST_CLICK""}","{""ImportId"":""QID61_LAST_CLICK""}","{""ImportId"":""QID61_PAGE_SUBMIT""}","{""ImportId"":""QID61_CLICK_COUNT""}","{""ImportId"":""QID62""}","{""ImportId"":""QID67_FIRST_CLICK""}","{""ImportId"":""QID67_LAST_CLICK""}","{""ImportId"":""QID67_PAGE_SUBMIT""}","{""ImportId"":""QID67_CLICK_COUNT""}","{""ImportId"":""QID68""}","{""ImportId"":""QID73_FIRST_CLICK""}","{""ImportId"":""QID73_LAST_CLICK""}","{""ImportId"":""QID73_PAGE_SUBMIT""}","{""ImportId"":""QID73_CLICK_COUNT""}","{""ImportId"":""QID74""}","{""ImportId"":""QID79_FIRST_CLICK""}","{""ImportId"":""QID79_LAST_CLICK""}","{""ImportId"":""QID79_PAGE_SUBMIT""}","{""ImportId"":""QID79_CLICK_COUNT""}","{""ImportId"":""QID80""}","{""ImportId"":""QID85_FIRST_CLICK""}","{""ImportId"":""QID85_LAST_CLICK""}","{""ImportId"":""QID85_PAGE_SUBMIT""}","{""ImportId"":""QID85_CLICK_COUNT""}","{""ImportId"":""QID86""}","{""ImportId"":""QID91_FIRST_CLICK""}","{""ImportId"":""QID91_LAST_CLICK""}","{""ImportId"":""QID91_PAGE_SUBMIT""}","{""ImportId"":""QID91_CLICK_COUNT""}","{""ImportId"":""QID92""}","{""ImportId"":""QID97_FIRST_CLICK""}","{""ImportId"":""QID97_LAST_CLICK""}","{""ImportId"":""QID97_PAGE_SUBMIT""}","{""ImportId"":""QID97_CLICK_COUNT""}","{""ImportId"":""QID98""}","{""ImportId"":""QID103_FIRST_CLICK""}","{""ImportId"":""QID103_LAST_CLICK""}","{""ImportId"":""QID103_PAGE_SUBMIT""}","{""ImportId"":""QID103_CLICK_COUNT""}","{""ImportId"":""QID104""}","{""ImportId"":""QID109_FIRST_CLICK""}","{""ImportId"":""QID109_LAST_CLICK""}","{""ImportId"":""QID109_PAGE_SUBMIT""}","{""ImportId"":""QID109_CLICK_COUNT""}","{""ImportId"":""QID110""}","{""ImportId"":""QID115_FIRST_CLICK""}","{""ImportId"":""QID115_LAST_CLICK""}","{""ImportId"":""QID115_PAGE_SUBMIT""}","{""ImportId"":""QID115_CLICK_COUNT""}","{""ImportId"":""QID116""}","{""ImportId"":""QID121_FIRST_CLICK""}","{""ImportId"":""QID121_LAST_CLICK""}","{""ImportId"":""QID121_PAGE_SUBMIT""}","{""ImportId"":""QID121_CLICK_COUNT""}","{""ImportId"":""QID122""}","{""ImportId"":""QID127_FIRST_CLICK""}","{""ImportId"":""QID127_LAST_CLICK""}","{""ImportId"":""QID127_PAGE_SUBMIT""}","{""ImportId"":""QID127_CLICK_COUNT""}","{""ImportId"":""QID128""}","{""ImportId"":""QID133_FIRST_CLICK""}","{""ImportId"":""QID133_LAST_CLICK""}","{""ImportId"":""QID133_PAGE_SUBMIT""}","{""ImportId"":""QID133_CLICK_COUNT""}","{""ImportId"":""QID134""}","{""ImportId"":""QID139_FIRST_CLICK""}","{""ImportId"":""QID139_LAST_CLICK""}","{""ImportId"":""QID139_PAGE_SUBMIT""}","{""ImportId"":""QID139_CLICK_COUNT""}","{""ImportId"":""QID140""}","{""ImportId"":""QID145_FIRST_CLICK""}","{""ImportId"":""QID145_LAST_CLICK""}","{""ImportId"":""QID145_PAGE_SUBMIT""}","{""ImportId"":""QID145_CLICK_COUNT""}","{""ImportId"":""QID146""}","{""ImportId"":""QID151_FIRST_CLICK""}","{""ImportId"":""QID151_LAST_CLICK""}","{""ImportId"":""QID151_PAGE_SUBMIT""}","{""ImportId"":""QID151_CLICK_COUNT""}","{""ImportId"":""QID152""}","{""ImportId"":""QID157_FIRST_CLICK""}","{""ImportId"":""QID157_LAST_CLICK""}","{""ImportId"":""QID157_PAGE_SUBMIT""}","{""ImportId"":""QID157_CLICK_COUNT""}","{""ImportId"":""QID158""}","{""ImportId"":""QID163_FIRST_CLICK""}","{""ImportId"":""QID163_LAST_CLICK""}","{""ImportId"":""QID163_PAGE_SUBMIT""}","{""ImportId"":""QID163_CLICK_COUNT""}","{""ImportId"":""QID164""}","{""ImportId"":""QID169_FIRST_CLICK""}","{""ImportId"":""QID169_LAST_CLICK""}","{""ImportId"":""QID169_PAGE_SUBMIT""}","{""ImportId"":""QID169_CLICK_COUNT""}","{""ImportId"":""QID170""}","{""ImportId"":""QID180""}","{""ImportId"":""QID184""}","{""ImportId"":""QID19_FIRST_CLICK""}","{""ImportId"":""QID19_LAST_CLICK""}","{""ImportId"":""QID19_PAGE_SUBMIT""}","{""ImportId"":""QID19_CLICK_COUNT""}","{""ImportId"":""QID12""}","{""ImportId"":""QID27_FIRST_CLICK""}","{""ImportId"":""QID27_LAST_CLICK""}","{""ImportId"":""QID27_PAGE_SUBMIT""}","{""ImportId"":""QID27_CLICK_COUNT""}","{""ImportId"":""QID28""}","{""ImportId"":""QID33_FIRST_CLICK""}","{""ImportId"":""QID33_LAST_CLICK""}","{""ImportId"":""QID33_PAGE_SUBMIT""}","{""ImportId"":""QID33_CLICK_COUNT""}","{""ImportId"":""QID34""}","{""ImportId"":""QID39_FIRST_CLICK""}","{""ImportId"":""QID39_LAST_CLICK""}","{""ImportId"":""QID39_PAGE_SUBMIT""}","{""ImportId"":""QID39_CLICK_COUNT""}","{""ImportId"":""QID40""}","{""ImportId"":""QID45_FIRST_CLICK""}","{""ImportId"":""QID45_LAST_CLICK""}","{""ImportId"":""QID45_PAGE_SUBMIT""}","{""ImportId"":""QID45_CLICK_COUNT""}","{""ImportId"":""QID46""}","{""ImportId"":""QID53_FIRST_CLICK""}","{""ImportId"":""QID53_LAST_CLICK""}","{""ImportId"":""QID53_PAGE_SUBMIT""}","{""ImportId"":""QID53_CLICK_COUNT""}","{""ImportId"":""QID54""}","{""ImportId"":""QID59_FIRST_CLICK""}","{""ImportId"":""QID59_LAST_CLICK""}","{""ImportId"":""QID59_PAGE_SUBMIT""}","{""ImportId"":""QID59_CLICK_COUNT""}","{""ImportId"":""QID60""}","{""ImportId"":""QID65_FIRST_CLICK""}","{""ImportId"":""QID65_LAST_CLICK""}","{""ImportId"":""QID65_PAGE_SUBMIT""}","{""ImportId"":""QID65_CLICK_COUNT""}","{""ImportId"":""QID66""}","{""ImportId"":""QID71_FIRST_CLICK""}","{""ImportId"":""QID71_LAST_CLICK""}","{""ImportId"":""QID71_PAGE_SUBMIT""}","{""ImportId"":""QID71_CLICK_COUNT""}","{""ImportId"":""QID72""}","{""ImportId"":""QID77_FIRST_CLICK""}","{""ImportId"":""QID77_LAST_CLICK""}","{""ImportId"":""QID77_PAGE_SUBMIT""}","{""ImportId"":""QID77_CLICK_COUNT""}","{""ImportId"":""QID78""}","{""ImportId"":""QID83_FIRST_CLICK""}","{""ImportId"":""QID83_LAST_CLICK""}","{""ImportId"":""QID83_PAGE_SUBMIT""}","{""ImportId"":""QID83_CLICK_COUNT""}","{""ImportId"":""QID84""}","{""ImportId"":""QID89_FIRST_CLICK""}","{""ImportId"":""QID89_LAST_CLICK""}","{""ImportId"":""QID89_PAGE_SUBMIT""}","{""ImportId"":""QID89_CLICK_COUNT""}","{""ImportId"":""QID90""}","{""ImportId"":""QID95_FIRST_CLICK""}","{""ImportId"":""QID95_LAST_CLICK""}","{""ImportId"":""QID95_PAGE_SUBMIT""}","{""ImportId"":""QID95_CLICK_COUNT""}","{""ImportId"":""QID96""}","{""ImportId"":""QID101_FIRST_CLICK""}","{""ImportId"":""QID101_LAST_CLICK""}","{""ImportId"":""QID101_PAGE_SUBMIT""}","{""ImportId"":""QID101_CLICK_COUNT""}","{""ImportId"":""QID102""}","{""ImportId"":""QID107_FIRST_CLICK""}","{""ImportId"":""QID107_LAST_CLICK""}","{""ImportId"":""QID107_PAGE_SUBMIT""}","{""ImportId"":""QID107_CLICK_COUNT""}","{""ImportId"":""QID108""}","{""ImportId"":""QID113_FIRST_CLICK""}","{""ImportId"":""QID113_LAST_CLICK""}","{""ImportId"":""QID113_PAGE_SUBMIT""}","{""ImportId"":""QID113_CLICK_COUNT""}","{""ImportId"":""QID114""}","{""ImportId"":""QID119_FIRST_CLICK""}","{""ImportId"":""QID119_LAST_CLICK""}","{""ImportId"":""QID119_PAGE_SUBMIT""}","{""ImportId"":""QID119_CLICK_COUNT""}","{""ImportId"":""QID120""}","{""ImportId"":""QID125_FIRST_CLICK""}","{""ImportId"":""QID125_LAST_CLICK""}","{""ImportId"":""QID125_PAGE_SUBMIT""}","{""ImportId"":""QID125_CLICK_COUNT""}","{""ImportId"":""QID126""}","{""ImportId"":""QID131_FIRST_CLICK""}","{""ImportId"":""QID131_LAST_CLICK""}","{""ImportId"":""QID131_PAGE_SUBMIT""}","{""ImportId"":""QID131_CLICK_COUNT""}","{""ImportId"":""QID132""}","{""ImportId"":""QID137_FIRST_CLICK""}","{""ImportId"":""QID137_LAST_CLICK""}","{""ImportId"":""QID137_PAGE_SUBMIT""}","{""ImportId"":""QID137_CLICK_COUNT""}","{""ImportId"":""QID138""}","{""ImportId"":""QID143_FIRST_CLICK""}","{""ImportId"":""QID143_LAST_CLICK""}","{""ImportId"":""QID143_PAGE_SUBMIT""}","{""ImportId"":""QID143_CLICK_COUNT""}","{""ImportId"":""QID144""}","{""ImportId"":""QID149_FIRST_CLICK""}","{""ImportId"":""QID149_LAST_CLICK""}","{""ImportId"":""QID149_PAGE_SUBMIT""}","{""ImportId"":""QID149_CLICK_COUNT""}","{""ImportId"":""QID150""}","{""ImportId"":""QID155_FIRST_CLICK""}","{""ImportId"":""QID155_LAST_CLICK""}","{""ImportId"":""QID155_PAGE_SUBMIT""}","{""ImportId"":""QID155_CLICK_COUNT""}","{""ImportId"":""QID156""}","{""ImportId"":""QID161_FIRST_CLICK""}","{""ImportId"":""QID161_LAST_CLICK""}","{""ImportId"":""QID161_PAGE_SUBMIT""}","{""ImportId"":""QID161_CLICK_COUNT""}","{""ImportId"":""QID162""}","{""ImportId"":""QID167_FIRST_CLICK""}","{""ImportId"":""QID167_LAST_CLICK""}","{""ImportId"":""QID167_PAGE_SUBMIT""}","{""ImportId"":""QID167_CLICK_COUNT""}","{""ImportId"":""QID168""}","{""ImportId"":""QID52""}","{""ImportId"":""QID181""}","{""ImportId"":""QID173""}","{""ImportId"":""QID174""}","{""ImportId"":""QID175""}","{""ImportId"":""QID176""}","{""ImportId"":""QID176_5_TEXT""}","{""ImportId"":""QID177""}","{""ImportId"":""QID177_5_TEXT""}","{""ImportId"":""QID178""}","{""ImportId"":""QID179""}","{""ImportId"":""PROLIFIC_PID""}"
1/27/2020 13:50,1/27/2020 13:56,IP Address,173.70.50.74,100,391,TRUE,1/27/2020 13:56,R_3p3fzKbVEIFsXyt,,,,,40.76190186,-74.41850281,anonymous,EN,I agree to participate,5de6b43f5d4f97627461827b,Understood! Begin Survey!,29,Female,No,23,2,Understood!,0,0,2.402,0,Immoral (J),0,0,3.035,0,Immoral (J),0,0,4.729,0,Immoral (J),0,0,4.646,0,Not Immoral (K),0,0,3.801,0,Immoral (J),0,0,7.986,0,Immoral (J),0,0,3.587,0,Not Immoral (K),0,0,8.628,0,Immoral (J),0,0,5.052,0,Not Immoral (K),0,0,6.718,0,Immoral (J),0,0,2.8,0,Not Immoral (K),0,0,4.434,0,Not Immoral (K),0,0,6.132,0,Not Immoral (K),0,0,3.563,0,Not Immoral (K),0,0,7.953,0,Not Immoral (K),0,0,5.801,0,Immoral (J),0,0,5.001,0,Not Immoral (K),0,0,6.8,0,Not Immoral (K),0,0,5.556,0,Not Immoral (K),0,0,3.202,0,Immoral (J),0,0,7.386,0,Not Immoral (K),0,0,4.845,0,Not Immoral (K),0,0,2.3,0,Immoral (J),0,0,5.25,0,Immoral (J),0,0,6.593,0,Immoral (J),Immoral (J),Understood!,0,0,2.947,0,Harmful (J),0,0,2.798,0,Harmful (J),0,0,2.052,0,Harmful (J),0,0,3.495,0,Harmless (K),0,0,2.952,0,Harmful (J),0,0,4.001,0,Harmless (K),0,0,2.595,0,Harmless (K),0,0,2.28,0,Harmful (J),0,0,4.801,0,Harmless (K),0,0,4.863,0,Harmful (J),0,0,2.985,0,Harmless (K),0,0,4.034,0,Harmless (K),0,0,7.194,0,Harmless (K),0,0,3.558,0,Harmless (K),0,0,7.945,0,Harmless (K),0,0,4.801,0,Harmless (K),0,0,3.957,0,Harmless (K),0,0,2.855,0,Harmless (K),0,0,2.998,0,Harmless (K),0,0,2.1,0,Harmful (J),0,0,2.424,0,Harmful (J),0,0,4.562,0,Harmless (K),0,0,2.44,0,Harmful (J),0,0,2.199,0,Harmful (J),0,0,3.63,0,Harmful (J),Harmless (K),Harmful (J),White,"$50,001 to $75,000",Somewhat interested,Democrat,,Agnostic,,Graduate or professional degree,Complete,5de6b43f5d4f97627461827b
1/27/2020 13:55,1/27/2020 14:02,IP Address,104.12.46.217,100,404,TRUE,1/27/2020 14:02,R_3qeBsz71LwqHjSS,,,,,25.89590454,-80.30899811,anonymous,EN,I agree to participate,5dd1013c92b0d219edafe572,Understood! Begin Survey!,39,Male,Yes,,2,Understood!,0,0,2.768,0,Immoral (J),0,0,2.471,0,Immoral (J),0,0,3.496,0,Immoral (J),0,0,4.732,0,Immoral (J),0,0,3.25,0,Not Immoral (K),0,0,3.847,0,Not Immoral (K),0,0,3.058,0,Not Immoral (K),0,0,3.15,0,Immoral (J),0,0,3.952,0,Immoral (J),0,0,4.785,0,Immoral (J),0,0,2.915,0,Not Immoral (K),0,0,2.664,0,Not Immoral (K),0,0,5.474,0,Not Immoral (K),0,0,3.692,0,Not Immoral (K),0,0,5.602,0,Not Immoral (K),0,0,3.475,0,Immoral (J),0,0,3.837,0,Immoral (J),0,0,4.002,0,Not Immoral (K),0,0,4.781,0,Immoral (J),0,0,2.501,0,Immoral (J),0,0,6.272,0,Immoral (J),0,0,2.511,0,Not Immoral (K),0,0,2.278,0,Immoral (J),0,0,6.399,0,Immoral (J),0,0,2.778,0,Immoral (J),Immoral (J),Understood!,0,0,2.118,0,Harmful (J),0,0,2.123,0,Harmful (J),0,0,4.066,0,Harmful (J),0,0,3.394,0,Harmful (J),0,0,2.58,0,Harmful (J),0,0,4.059,0,Harmless (K),0,0,3.002,0,Harmless (K),0,0,3.646,0,Harmless (K),0,0,2.756,0,Harmful (J),0,0,4.055,0,Harmless (K),0,0,4.877,0,Harmless (K),0,0,2.188,0,Harmful (J),0,0,5.28,0,Harmless (K),0,0,3.695,0,Harmless (K),0,0,3.001,0,Harmless (K),0,0,3.969,0,Harmful (J),0,0,2.959,0,Harmless (K),0,0,2.755,0,Harmless (K),0,0,3.168,0,Harmless (K),0,0,4.302,0,Harmful (J),0,0,4.633,0,Harmless (K),0,0,2.517,0,Harmless (K),0,0,4.826,0,Harmless (K),0,0,2.557,0,Harmful (J),0,0,2.639,0,Harmful (J),Harmless (K),Harmful (J),White,"$50,001 to $75,000",Not at all interested,Independent,,Something else (Please Specify),"Spiritual, not religious.",Bachelor's degree,Complete,5dd1013c92b0d219edafe572
1/27/2020 13:55,1/27/2020 14:02,IP Address,45.46.167.10,100,441,TRUE,1/27/2020 14:02,R_3sB8LQKI2LUGk0n,,,,,42.91349792,-78.88899994,anonymous,EN,I agree to participate,5dcede43ca746602128b41db,Understood! Begin Survey!,31,Male,Yes,,1,Understood!,0,0,3.141,0,Immoral (J),0,0,2.559,0,Immoral (J),0,0,2.449,0,Immoral (J),0,0,7.67,0,Immoral (J),0,0,3.701,0,Immoral (J),0,0,3.5,0,Immoral (J),0,0,4.901,0,Not Immoral (K),0,0,4.047,0,Immoral (J),0,0,3.039,0,Immoral (J),0,0,3.194,0,Immoral (J),0,0,4.082,0,Not Immoral (K),0,0,4.801,0,Not Immoral (K),0,0,3.501,0,Not Immoral (K),0,0,6.985,0,Not Immoral (K),0,0,2.901,0,Not Immoral (K),0,0,3.377,0,Immoral (J),0,0,4.6,0,Not Immoral (K),0,0,4.2,0,Not Immoral (K),0,0,4.38,0,Immoral (J),0,0,2.595,0,Immoral (J),0,0,9.863,0,Immoral (J),0,0,3.297,0,Not Immoral (K),0,0,3.801,0,Immoral (J),0,0,3.153,0,Immoral (J),0,0,4.776,0,Immoral (J),Immoral (J),Understood!,0,0,2.286,0,Harmful (J),0,0,3.153,0,Harmful (J),0,0,2.25,0,Harmful (J),0,0,2.573,0,Harmful (J),0,0,2.69,0,Harmful (J),0,0,5.052,0,Harmful (J),0,0,2.686,0,Harmless (K),0,0,4.702,0,Harmful (J),0,0,3.084,0,Harmful (J),0,0,3.201,0,Harmful (J),0,0,3.283,0,Harmful (J),0,0,5.292,0,Harmless (K),0,0,2.701,0,Harmless (K),0,0,6.536,0,Harmful (J),0,0,4.458,0,Harmful (J),0,0,6.201,0,Harmful (J),0,0,5.835,0,Harmful (J),0,0,3.797,0,Harmful (J),0,0,3.545,0,Harmful (J),0,0,2.091,0,Harmful (J),0,0,5.051,0,Harmful (J),0,0,6.15,0,Harmless (K),0,0,2.501,0,Harmful (J),0,0,2.444,0,Harmful (J),0,0,2.866,0,Harmful (J),Harmless (K),Harmful (J),White,"$25,001 to $50,000",Very interested,Democrat,,,,Bachelor's degree,Complete,5dcede43ca746602128b41db
1/27/2020 13:57,1/27/2020 14:02,IP Address,99.76.228.212,100,305,TRUE,1/27/2020 14:02,R_2YLAoxwSPDohVud,,,,,32.85949707,-117.2124023,anonymous,EN,I agree to participate,5de7223a521f956b1e09e6fd,Understood! Begin Survey!,21,Male,Yes,,1,Understood!,0,0,1.897,0,Immoral (J),0,0,1.999,0,Immoral (J),0,0,2.086,0,Immoral (J),0,0,3.139,0,Immoral (J),0,0,2.989,0,Immoral (J),0,0,2.991,0,Immoral (J),0,0,2.51,0,Immoral (J),0,0,3.273,0,Immoral (J),0,0,2.491,0,Immoral (J),0,0,2.3,0,Immoral (J),0,0,2.173,0,Not Immoral (K),0,0,3.832,0,Not Immoral (K),0,0,3.381,0,Not Immoral (K),0,0,2.501,0,Not Immoral (K),0,0,2.072,0,Immoral (J),0,0,2.647,0,Immoral (J),0,0,2.817,0,Not Immoral (K),0,0,2.266,0,Immoral (J),0,0,2.679,0,Immoral (J),0,0,1.913,0,Immoral (J),0,0,2.302,0,Immoral (J),0,0,3.369,0,Not Immoral (K),0,0,2.77,0,Not Immoral (K),0,0,2.594,0,Immoral (J),0,0,2.121,0,Immoral (J),Immoral (J),Understood!,0,0,2.243,0,Harmful (J),0,0,1.9,0,Harmful (J),0,0,6.04,0,Harmful (J),0,0,2.384,0,Harmful (J),0,0,2.285,0,Harmful (J),0,0,2.323,0,Harmful (J),0,0,2.368,0,Harmful (J),0,0,2.46,0,Harmful (J),0,0,4.197,0,Harmful (J),0,0,3.228,0,Harmful (J),0,0,3.646,0,Harmful (J),0,0,3.401,0,Harmful (J),0,0,2.916,0,Harmful (J),0,0,2.922,0,Harmful (J),0,0,2.576,0,Harmful (J),0,0,2.72,0,Harmful (J),0,0,2.2,0,Harmless (K),0,0,3.602,0,Harmful (J),0,0,2.286,0,Harmful (J),0,0,1.755,0,Harmful (J),0,0,2.29,0,Harmful (J),0,0,2.132,0,Harmless (K),0,0,3.133,0,Harmless (K),0,0,2.744,0,Harmful (J),0,0,1.829,0,Harmful (J),Harmless (K),Harmful (J),White,"Less than $25,000",Somewhat interested,Democrat,,Agnostic,,Some college,Complete,5de7223a521f956b1e09e6fd
1/27/2020 13:55,1/27/2020 14:04,IP Address,108.12.53.73,100,514,TRUE,1/27/2020 14:04,R_p9NiFfyLqr4tvwJ,,,,,43.00999451,-76.14959717,anonymous,EN,I agree to participate,576273a5e6e028000619bfbd,,70,Female,Yes,,2,Understood!,2.665,2.665,3.526,1,Immoral (J),2.794,2.794,4.138,1,Immoral (J),2.808,2.808,3.742,1,Immoral (J),0.872,3.455,4.495,2,Not Immoral (K),2.591,2.591,3.828,1,Immoral (J),3.195,3.195,4.08,1,Immoral (J),2.5,2.5,3.659,1,Immoral (J),3.013,3.013,5.237,1,Immoral (J),3.336,3.336,5.325,1,Not Immoral (K),2.841,2.841,3.647,1,Immoral (J),2.841,2.841,3.791,1,Not Immoral (K),2.542,2.542,3.523,1,Not Immoral (K),2.67,2.67,4.524,1,Not Immoral (K),4.002,4.002,4.846,1,Not Immoral (K),2.689,2.689,5.965,1,Immoral (J),3.5,3.5,4.452,1,Immoral (J),3.425,3.425,5.686,1,Not Immoral (K),2.388,2.388,4,1,Immoral (J),2.679,2.679,4.133,1,Immoral (J),2.786,2.786,3.8,1,Immoral (J),3.236,3.236,4.585,1,Immoral (J),3.128,3.128,3.952,1,Immoral (J),2.684,2.684,3.608,1,Not Immoral (K),3.15,3.15,5.186,1,Immoral (J),2.931,2.931,3.754,1,Immoral (J),Immoral (J),Understood!,2.87,2.87,3.557,1,Harmful (J),2.519,2.519,3.357,1,Harmful (J),2.664,2.664,3.878,1,Harmful (J),2.912,2.912,4.333,1,Harmful (J),3.81,3.81,4.882,1,Harmful (J),3.307,3.307,5.7,1,Harmless (K),2.775,2.775,3.858,1,Harmful (J),2.954,2.954,3.785,1,Harmful (J),2.422,2.422,3.4,1,Harmless (K),3.297,3.297,4.191,1,Harmful (J),0.962,2.658,4.745,2,Harmful (J),2.578,2.578,3.607,1,Harmless (K),2.769,2.769,5.519,1,Harmful (J),2.836,2.836,4.325,1,Harmless (K),2.885,2.885,5.31,1,Harmless (K),2.972,2.972,4.663,1,Harmful (J),4.43,4.43,5.282,1,Harmless (K),2.693,2.693,5.043,1,Harmful (J),0.957,2.668,4.286,2,Harmful (J),0.852,2.46,3.337,2,Harmful (J),3.647,3.647,6.5,1,Harmful (J),2.598,2.598,3.756,1,Harmless (K),2.632,2.632,3.416,1,Harmless (K),2.633,2.633,3.863,1,Harmful (J),2.664,2.664,3.614,1,Harmful (J),Harmless (K),Harmful (J),White,"Less than $25,000",Very interested,Democrat,,Religious,,Bachelor's degree,Complete,576273a5e6e028000619bfbd
1/27/2020 13:59,1/27/2020 14:05,IP Address,67.165.128.50,100,338,TRUE,1/27/2020 14:05,R_POLtH9uBA0jmA7v,,,,,42.03050232,-88.37809753,anonymous,EN,I agree to participate,5c59e93c96c50e00018936c3,Understood! Begin Survey!,22,Female,Yes,,2,Understood!,0,0,2.377,0,Immoral (J),0,0,2.233,0,Immoral (J),0,0,2.618,0,Immoral (J),0,0,5.261,0,Immoral (J),0,0,2.895,0,Immoral (J),0,0,4.836,0,Immoral (J),0,0,3.501,0,Immoral (J),0,0,3.027,0,Immoral (J),0,0,5.148,0,Immoral (J),0,0,4.827,0,Not Immoral (K),0,0,3.636,0,Not Immoral (K),0,0,2.871,0,Not Immoral (K),0,0,3.591,0,Not Immoral (K),0,0,3.869,0,Not Immoral (K),0,0,3.33,0,Immoral (J),0,0,4.131,0,Immoral (J),0,0,5.094,0,Not Immoral (K),0,0,2.956,0,Immoral (J),0,0,3.357,0,Immoral (J),0,0,2.472,0,Immoral (J),0,0,4.301,0,Immoral (J),0,0,3.1,0,Not Immoral (K),0,0,2.763,0,Immoral (J),0,0,2.669,0,Immoral (J),0,0,2.958,0,Immoral (J),Immoral (J),Understood!,0,0,2.536,0,Harmful (J),0,0,2.102,0,Harmful (J),0,0,2.38,0,Harmful (J),0,0,2.451,0,Harmful (J),0,0,2.355,0,Harmful (J),0,0,2.725,0,Harmful (J),0,0,2.731,0,Harmful (J),0,0,3.298,0,Harmful (J),0,0,2.6,0,Harmful (J),0,0,2.331,0,Harmful (J),0,0,2.399,0,Harmless (K),0,0,2.426,0,Harmless (K),0,0,3.624,0,Harmless (K),0,0,5.042,0,Harmful (J),0,0,3.802,0,Harmless (K),0,0,4.251,0,Harmful (J),0,0,3.87,0,Harmful (J),0,0,2.656,0,Harmful (J),0,0,3.465,0,Harmful (J),0,0,6.233,0,Harmful (J),0,0,3.101,0,Harmful (J),0,0,2.542,0,Harmless (K),0,0,3.236,0,Harmful (J),0,0,3.472,0,Harmful (J),0,0,2.622,0,Harmful (J),Harmless (K),Harmful (J),White,"$100,000 or more",Very interested,Independent,,An atheist,,Some college,Complete,5c59e93c96c50e00018936c3
1/27/2020 13:55,1/27/2020 14:05,IP Address,71.61.55.193,100,588,TRUE,1/27/2020 14:05,R_3fcpONUwYAYmhGT,,,,,40.99580383,-80.32640076,anonymous,EN,I agree to participate,5e288bf7a92bf4062f709917,Understood! Begin Survey!,18,Female,Yes,,3,Understood!,0,0,3.916,0,Immoral (J),0,0,2.625,0,Immoral (J),0,0,3.243,0,Immoral (J),0,0,3.285,0,Immoral (J),0,0,4.381,0,Immoral (J),0,0,4.402,0,Not Immoral (K),0,0,3.008,0,Not Immoral (K),0,0,3.909,0,Not Immoral (K),0,0,3.789,0,Not Immoral (K),0,0,4.637,0,Not Immoral (K),0,0,3.888,0,Not Immoral (K),0,0,2.906,0,Not Immoral (K),0,0,3.461,0,Not Immoral (K),0,0,5.742,0,Immoral (J),0,0,2.919,0,Not Immoral (K),0,0,7.261,0,Not Immoral (K),0,0,3.8,0,Not Immoral (K),0,0,5.636,0,Not Immoral (K),0,0,4.351,0,Not Immoral (K),0,0,3.444,0,Immoral (J),0,0,4.5,0,Immoral (J),0,0,3.129,0,Immoral (J),0,0,2.916,0,Immoral (J),0,0,3.034,0,Immoral (J),0,0,4.005,0,Immoral (J),Immoral (J),Understood!,0,0,2.895,0,Harmful (J),0,0,2.887,0,Harmful (J),0,0,2.392,0,Harmful (J),0,0,2.931,0,Harmful (J),0,0,2.125,0,Harmful (J),0,0,4.168,0,Harmful (J),0,0,4.176,0,Harmless (K),0,0,6.595,0,Harmful (J),0,0,3.477,0,Harmless (K),0,0,4.48,0,Harmless (K),0,0,3.138,0,Harmless (K),0,0,2.715,0,Harmless (K),0,0,3.301,0,Harmless (K),0,0,5.771,0,Harmful (J),0,0,4.577,0,Harmless (K),0,0,3.591,0,Harmful (J),0,0,3.07,0,Harmless (K),0,0,3.296,0,Harmless (K),0,0,4.836,0,Harmful (J),0,0,3.819,0,Harmful (J),0,0,6.485,0,Harmless (K),0,0,5.745,0,Harmful (J),0,0,2.669,0,Harmful (J),0,0,3.067,0,Harmful (J),0,0,3.153,0,Harmful (J),Harmless (K),Harmful (J),White,"$25,001 to $50,000",Not very interested,Democrat,,Agnostic,,High school degree or GED,Complete,5e288bf7a92bf4062f709917
1/27/2020 13:56,1/27/2020 14:05,IP Address,70.162.95.44,100,547,TRUE,1/27/2020 14:05,R_2wAHJ56peoPTyXL,,,,,33.5921936,-112.0028992,anonymous,EN,I agree to participate,5c33a63a4aaf7500014c934f,Understood! Begin Survey!,31,Male,Yes,,2,Understood!,0,0,4.562,0,Immoral (J),0,0,4.002,0,Immoral (J),0,0,5.901,0,Immoral (J),0,0,4.701,0,Immoral (J),0,0,3.394,0,Immoral (J),0,0,4.049,0,Not Immoral (K),0,0,3.732,0,Immoral (J),0,0,3.831,0,Immoral (J),0,0,5.503,0,Immoral (J),0,0,4.26,0,Not Immoral (K),0,0,3.266,0,Not Immoral (K),0,0,3.265,0,Not Immoral (K),0,0,3.059,0,Not Immoral (K),0,0,2.7,0,Not Immoral (K),0,0,3.374,0,Not Immoral (K),0,0,6.048,0,Immoral (J),0,0,3.69,0,Not Immoral (K),0,0,5.286,0,Not Immoral (K),0,0,5.725,0,Not Immoral (K),0,0,3.857,0,Not Immoral (K),0,0,9.58,0,Immoral (J),0,0,8.4,0,Not Immoral (K),0,0,3.902,0,Immoral (J),0,0,3.793,0,Immoral (J),0,0,6.187,0,Immoral (J),Immoral (J),Understood!,0,0,3.183,0,Harmful (J),0,0,4.598,0,Harmful (J),0,0,4.456,0,Harmless (K),0,0,3.483,0,Harmful (J),0,0,5.789,0,Harmful (J),0,0,3.057,0,Harmful (J),0,0,3.601,0,Harmless (K),0,0,8.501,0,Harmful (J),0,0,4.4,0,Harmful (J),0,0,5.593,0,Harmless (K),0,0,2.783,0,Harmless (K),0,0,5.501,0,Harmless (K),0,0,2.894,0,Harmless (K),0,0,2.482,0,Harmless (K),0,0,2.6,0,Harmless (K),0,0,5.902,0,Harmful (J),0,0,4.483,0,Harmless (K),0,0,9.794,0,Harmful (J),0,0,4.483,0,Harmless (K),0,0,2.387,0,Harmful (J),0,0,6.571,0,Harmful (J),0,0,3.288,0,Harmless (K),0,0,6.669,0,Harmful (J),0,0,7.043,0,Harmful (J),0,0,5.501,0,Harmful (J),Harmless (K),Harmful (J),White,"Less than $25,000",Somewhat interested,Democrat,,Agnostic,,Some college,Complete,5c33a63a4aaf7500014c934f
1/27/2020 14:01,1/27/2020 14:06,IP Address,73.94.142.231,100,329,TRUE,1/27/2020 14:06,R_1mDzJUy2yTkoBh2,,,,,44.82829285,-93.09400177,anonymous,EN,I agree to participate,5a708ef2f1530b000103bfab,,38,Female,Yes,,3,Understood!,0,0,3.098,0,Immoral (J),0,0,2.591,0,Immoral (J),0,0,2.345,0,Immoral (J),0,0,3.542,0,Immoral (J),0,0,2.19,0,Immoral (J),0,0,4.522,0,Not Immoral (K),0,0,3.511,0,Immoral (J),0,0,3.924,0,Immoral (J),0,0,3.43,0,Immoral (J),0,0,2.263,0,Immoral (J),0,0,2.64,0,Not Immoral (K),0,0,3.202,0,Not Immoral (K),0,0,3.27,0,Not Immoral (K),0,0,5.233,0,Not Immoral (K),0,0,3.661,0,Immoral (J),0,0,3.157,0,Immoral (J),0,0,4.464,0,Immoral (J),0,0,3.617,0,Immoral (J),0,0,2.445,0,Immoral (J),0,0,2.281,0,Immoral (J),0,0,4.876,0,Immoral (J),0,0,2.69,0,Not Immoral (K),0,0,3.072,0,Not Immoral (K),0,0,2.892,0,Immoral (J),0,0,5.015,0,Immoral (J),Immoral (J),Understood!,0,0,1.937,0,Harmful (J),0,0,1.987,0,Harmful (J),0,0,2.152,0,Harmful (J),0,0,2.161,0,Harmful (J),0,0,1.849,0,Harmful (J),0,0,2.652,0,Harmless (K),0,0,3.296,0,Harmful (J),0,0,4.075,0,Harmful (J),0,0,2.452,0,Harmful (J),0,0,2.35,0,Harmful (J),0,0,3.529,0,Harmless (K),0,0,3.202,0,Harmless (K),0,0,2.884,0,Harmless (K),0,0,4.055,0,Harmless (K),0,0,2.292,0,Harmful (J),0,0,2.454,0,Harmful (J),0,0,3.3,0,Harmful (J),0,0,2.185,0,Harmful (J),0,0,2.281,0,Harmful (J),0,0,2.767,0,Harmful (J),0,0,3.099,0,Harmful (J),0,0,2.8,0,Harmless (K),0,0,2.46,0,Harmless (K),0,0,2.213,0,Harmless (K),0,0,3.321,0,Harmless (K),Harmless (K),Harmful (J),Other,"$75,001 to $99,999",Somewhat interested,Independent,,Religious,,Bachelor's degree,Complete,5a708ef2f1530b000103bfab
1/27/2020 13:54,1/27/2020 14:07,IP Address,24.45.32.39,100,800,TRUE,1/27/2020 14:07,R_rcIEMU7DqQRoqc1,,,,,41.71710205,-73.99259949,anonymous,EN,I agree to participate,5d98791b05a36d03c37570e9,Understood! Begin Survey!,25,Female,Yes,,1,Understood!,0,0,2.326,0,Immoral (J),0,0,3.401,0,Immoral (J),0,0,2.463,0,Immoral (J),0,0,2.318,0,Immoral (J),0,0,2.535,0,Immoral (J),0,0,2.401,0,Immoral (J),0,0,2.326,0,Immoral (J),0,0,10.11,0,,0,0,2.542,0,Not Immoral (K),0,0,2.451,0,Immoral (J),0,0,2.208,0,Immoral (J),0,0,2.132,0,Not Immoral (K),0,0,4.66,0,Not Immoral (K),0,0,2.929,0,Immoral (J),0,0,3.59,0,Immoral (J),0,0,2.366,0,Immoral (J),0,0,2.959,0,Not Immoral (K),0,0,1.863,0,Immoral (J),0,0,3.675,0,Immoral (J),0,0,2.281,0,Immoral (J),0,0,3.236,0,Immoral (J),0,0,9.057,0,Not Immoral (K),0,0,4.578,0,Immoral (J),0,0,2.269,0,Immoral (J),0,0,2.368,0,Immoral (J),Immoral (J),Understood!,0,0,2.595,0,Harmful (J),0,0,2.036,0,Harmful (J),0,0,1.851,0,Harmful (J),0,0,2.33,0,Harmful (J),0,0,1.474,0,Harmful (J),0,0,2.424,0,Harmful (J),0,0,1.769,0,Harmful (J),0,0,1.647,0,Harmful (J),0,0,2.561,0,Harmless (K),0,0,2.856,0,Harmful (J),0,0,2.18,0,Harmless (K),0,0,2.146,0,Harmless (K),0,0,3.089,0,Harmless (K),0,0,1.316,0,Harmful (J),0,0,2.201,0,Harmful (J),0,0,2.613,0,Harmful (J),0,0,2.406,0,Harmless (K),0,0,2.019,0,Harmful (J),0,0,3.9,0,Harmful (J),0,0,1.657,0,Harmful (J),0,0,2.564,0,Harmful (J),0,0,3.886,0,Harmless (K),0,0,1.88,0,Harmful (J),0,0,2.083,0,Harmful (J),0,0,2.183,0,Harmful (J),Harmless (K),Harmful (J),Other,"$25,001 to $50,000",Somewhat interested,,,An atheist,,Bachelor's degree,Complete,5d98791b05a36d03c37570e9
1/27/2020 14:03,1/27/2020 14:07,IP Address,98.165.229.26,100,273,TRUE,1/27/2020 14:07,R_1hSZmA9QCfEAf9M,,,,,33.31210327,-111.8212967,anonymous,EN,I agree to participate,5b33034d975e260001e981c9,Understood! Begin Survey!,24,Female,Yes,,2,Understood!,0,0,2.054,0,Immoral (J),0,0,2.255,0,Immoral (J),0,0,2.15,0,Immoral (J),0,0,2.891,0,Immoral (J),0,0,2.26,0,Immoral (J),0,0,2.874,0,Immoral (J),0,0,4.086,0,Immoral (J),0,0,3.091,0,Immoral (J),0,0,3.381,0,Not Immoral (K),0,0,2.294,0,Immoral (J),0,0,2.761,0,Immoral (J),0,0,2.389,0,Immoral (J),0,0,3.541,0,Immoral (J),0,0,3.079,0,Immoral (J),0,0,2.626,0,Immoral (J),0,0,3.271,0,Immoral (J),0,0,3.683,0,Not Immoral (K),0,0,2.998,0,Immoral (J),0,0,2.388,0,Immoral (J),0,0,2.357,0,Immoral (J),0,0,3.815,0,Immoral (J),0,0,3.055,0,Not Immoral (K),0,0,3.544,0,Immoral (J),0,0,2.258,0,Immoral (J),0,0,2.619,0,Immoral (J),Immoral (J),Understood!,0,0,1.798,0,Harmful (J),0,0,1.699,0,Harmful (J),0,0,1.91,0,Harmful (J),0,0,2.037,0,Harmful (J),0,0,1.887,0,Harmful (J),0,0,2.293,0,Harmful (J),0,0,3.743,0,Harmful (J),0,0,2.373,0,Harmful (J),0,0,2.091,0,Harmless (K),0,0,1.781,0,Harmful (J),0,0,1.949,0,Harmful (J),0,0,2.099,0,Harmful (J),0,0,2.577,0,Harmful (J),0,0,1.991,0,Harmful (J),0,0,1.923,0,Harmful (J),0,0,1.852,0,Harmful (J),0,0,2.3,0,Harmless (K),0,0,2.361,0,Harmful (J),0,0,1.879,0,Harmful (J),0,0,1.832,0,Harmful (J),0,0,1.963,0,Harmful (J),0,0,2.622,0,Harmless (K),0,0,1.851,0,Harmful (J),0,0,1.692,0,Harmful (J),0,0,1.951,0,Harmful (J),Harmless (K),Harmful (J),White,"$25,001 to $50,000",Somewhat interested,Democrat,,,,Some college,Complete,5b33034d975e260001e981c9
1/27/2020 14:00,1/27/2020 14:07,IP Address,23.241.235.92,100,440,TRUE,1/27/2020 14:07,R_pfmVyVyiHzQzm25,,,,,34.00300598,-118.4297943,anonymous,EN,I agree to participate,5c37a7fa46213d0001428bb3,Understood! Begin Survey!,31,Female,Yes,,1,Understood!,0,0,2.401,0,Immoral (J),0,0,2.491,0,Immoral (J),0,0,2.386,0,Immoral (J),0,0,6.851,0,Not Immoral (K),0,0,2.902,0,Immoral (J),0,0,2.817,0,Immoral (J),0,0,3.08,0,Immoral (J),0,0,3.706,0,Immoral (J),0,0,4.252,0,Not Immoral (K),0,0,3.359,0,Immoral (J),0,0,2.606,0,Not Immoral (K),0,0,2.568,0,Not Immoral (K),0,0,3.097,0,Not Immoral (K),0,0,2.9,0,Not Immoral (K),0,0,4.505,0,Not Immoral (K),0,0,3.193,0,Immoral (J),0,0,3.129,0,Not Immoral (K),0,0,3.883,0,Immoral (J),0,0,4.133,0,Immoral (J),0,0,3.877,0,Immoral (J),0,0,2.833,0,Immoral (J),0,0,2.727,0,Immoral (J),0,0,3.386,0,Immoral (J),0,0,3.198,0,Immoral (J),0,0,3.288,0,Immoral (J),Immoral (J),Understood!,0,0,1.905,0,Harmful (J),0,0,2.354,0,Harmful (J),0,0,2.702,0,Harmful (J),0,0,3.368,0,Harmful (J),0,0,3.031,0,Harmful (J),0,0,2.98,0,Harmful (J),0,0,4.764,0,Harmful (J),0,0,2.147,0,Harmful (J),0,0,3.738,0,Harmful (J),0,0,3.136,0,Harmful (J),0,0,2.755,0,Harmless (K),0,0,2.487,0,Harmless (K),0,0,3.43,0,Harmless (K),0,0,3.159,0,Harmless (K),0,0,2.504,0,Harmless (K),0,0,3.03,0,Harmful (J),0,0,3.053,0,Harmless (K),0,0,2.456,0,Harmful (J),0,0,2.77,0,Harmful (J),0,0,2.237,0,Harmful (J),0,0,2.663,0,Harmful (J),0,0,2.932,0,Harmless (K),0,0,3.482,0,Harmful (J),0,0,2.387,0,Harmful (J),0,0,2.242,0,Harmful (J),Harmless (K),Harmful (J),Other,"$75,001 to $99,999",Somewhat interested,Democrat,,Agnostic,,Bachelor's degree,Complete,5c37a7fa46213d0001428bb3
1/27/2020 14:03,1/27/2020 14:07,IP Address,73.201.165.14,100,290,TRUE,1/27/2020 14:07,R_3oGYtyS0dGkZaN2,,,,,38.91870117,-75.42910004,anonymous,EN,I agree to participate,5dd0db6c070fdc196a1c0bc5,Understood! Begin Survey!,20,Female,Yes,,3,Understood!,0,0,1.902,0,Immoral (J),0,0,2.879,0,Immoral (J),0,0,4.64,0,Not Immoral (K),0,0,2.8,0,Immoral (J),0,0,2.2,0,Immoral (J),0,0,3.902,0,Immoral (J),0,0,2.588,0,Immoral (J),0,0,2.6,0,Immoral (J),0,0,2.749,0,Not Immoral (K),0,0,2.601,0,Immoral (J),0,0,2.674,0,Not Immoral (K),0,0,2.87,0,Not Immoral (K),0,0,3.7,0,Not Immoral (K),0,0,2.888,0,Not Immoral (K),0,0,2.401,0,Not Immoral (K),0,0,4.401,0,Immoral (J),0,0,2.337,0,Not Immoral (K),0,0,3.501,0,Immoral (J),0,0,2.571,0,Immoral (J),0,0,2.856,0,Immoral (J),0,0,2.762,0,Immoral (J),0,0,2.201,0,Not Immoral (K),0,0,2.43,0,Immoral (J),0,0,2.384,0,Immoral (J),0,0,3.002,0,Immoral (J),Immoral (J),Understood!,0,0,1.697,0,Harmful (J),0,0,1.701,0,Harmful (J),0,0,2.38,0,Harmful (J),0,0,2.901,0,Harmful (J),0,0,2.384,0,Harmful (J),0,0,2.737,0,Harmful (J),0,0,4.302,0,Harmful (J),0,0,3.102,0,Harmful (J),0,0,2.692,0,Harmless (K),0,0,2.738,0,Harmful (J),0,0,3.501,0,Harmless (K),0,0,2.6,0,Harmful (J),0,0,2.586,0,Harmless (K),0,0,4.7,0,Harmless (K),0,0,2.587,0,Harmful (J),0,0,3.301,0,Harmful (J),0,0,2.278,0,Harmless (K),0,0,2.302,0,Harmful (J),0,0,2.567,0,Harmful (J),0,0,2.585,0,Harmful (J),0,0,2.466,0,Harmful (J),0,0,2.467,0,Harmless (K),0,0,2.201,0,Harmful (J),0,0,2.271,0,Harmful (J),0,0,2.498,0,Harmful (J),Harmless (K),Harmful (J),African American/Black,"$25,001 to $50,000",Somewhat interested,Democrat,,An atheist,,Some college,Complete,5dd0db6c070fdc196a1c0bc5
1/27/2020 14:02,1/27/2020 14:08,IP Address,68.4.133.43,100,357,TRUE,1/27/2020 14:08,R_pMjPNABnoaP6nYZ,,,,,33.61279297,-117.6622009,anonymous,EN,I agree to participate,5e1d3588db62ba0bc9f2e39a,Understood! Begin Survey!,18,Male,Yes,,2,Understood!,0,0,3.101,0,Immoral (J),0,0,2.499,0,Immoral (J),0,0,4.407,0,Immoral (J),0,0,3.312,0,Immoral (J),0,0,2.685,0,Not Immoral (K),0,0,2.796,0,Immoral (J),0,0,2.4,0,Not Immoral (K),0,0,4.408,0,Immoral (J),0,0,3.951,0,Immoral (J),0,0,3.362,0,Not Immoral (K),0,0,4.602,0,Not Immoral (K),0,0,3.853,0,Not Immoral (K),0,0,3.389,0,Not Immoral (K),0,0,3.855,0,Not Immoral (K),0,0,4.739,0,Not Immoral (K),0,0,6.63,0,Not Immoral (K),0,0,3.4,0,Not Immoral (K),0,0,3.485,0,Not Immoral (K),0,0,5.096,0,Immoral (J),0,0,5.064,0,Immoral (J),0,0,3.983,0,Immoral (J),0,0,2.858,0,Not Immoral (K),0,0,2.957,0,Immoral (J),0,0,3.417,0,Not Immoral (K),0,0,3.459,0,Immoral (J),Immoral (J),Understood!,0,0,2.769,0,Harmful (J),0,0,2.36,0,Harmful (J),0,0,2.855,0,Harmful (J),0,0,3.636,0,Harmful (J),0,0,3.019,0,Harmful (J),0,0,3.053,0,Harmful (J),0,0,3.523,0,Harmless (K),0,0,2.817,0,Harmful (J),0,0,7.457,0,Harmful (J),0,0,3.4,0,Harmless (K),0,0,3.28,0,Harmless (K),0,0,2.565,0,Harmless (K),0,0,1.986,0,Harmless (K),0,0,2.4,0,Harmless (K),0,0,3.656,0,Harmful (J),0,0,2.883,0,Harmless (K),0,0,3.085,0,Harmless (K),0,0,3.436,0,Harmful (J),0,0,3.802,0,Harmful (J),0,0,3.101,0,Harmful (J),0,0,2.671,0,Harmful (J),0,0,2.431,0,Harmless (K),0,0,3.892,0,Harmless (K),0,0,3.748,0,Harmful (J),0,0,2.718,0,Harmful (J),Harmless (K),Harmful (J),White,"$100,000 or more",Somewhat interested,Democrat,,An atheist,,Some college,Complete,5e1d3588db62ba0bc9f2e39a
1/27/2020 14:02,1/27/2020 14:08,IP Address,98.166.70.45,100,357,TRUE,1/27/2020 14:08,R_1OBU3UBeGJF4JJj,,,,,37.15379333,-76.53900146,anonymous,EN,I agree to participate,5834b3f1d6ed08000154eadb,,23,Other,Yes,,1,Understood!,0,0,2.301,0,Immoral (J),0,0,2.923,0,Immoral (J),0,0,2.455,0,Immoral (J),0,0,4.169,0,Immoral (J),0,0,2.768,0,Immoral (J),0,0,3.087,0,Immoral (J),0,0,2.958,0,Immoral (J),0,0,4.248,0,Immoral (J),0,0,3.484,0,Immoral (J),0,0,2.958,0,Immoral (J),0,0,2.443,0,Not Immoral (K),0,0,3.163,0,Not Immoral (K),0,0,3.205,0,Immoral (J),0,0,3.829,0,Not Immoral (K),0,0,2.207,0,Not Immoral (K),0,0,4.557,0,Immoral (J),0,0,3.877,0,Not Immoral (K),0,0,2.986,0,Immoral (J),0,0,3.954,0,Not Immoral (K),0,0,2.486,0,Immoral (J),0,0,3.434,0,Immoral (J),0,0,2.857,0,Not Immoral (K),0,0,2.648,0,Immoral (J),0,0,3,0,Immoral (J),0,0,3.197,0,Immoral (J),Immoral (J),,0,0,2.001,0,Harmful (J),0,0,2.137,0,Harmful (J),0,0,2.498,0,Harmful (J),0,0,2.443,0,Harmful (J),0,0,2.134,0,Harmful (J),0,0,2.598,0,Harmful (J),0,0,2.2,0,Harmful (J),0,0,2.601,0,Harmful (J),0,0,2.176,0,Harmful (J),0,0,2.36,0,Harmful (J),0,0,2.688,0,Harmful (J),0,0,2.968,0,Harmful (J),0,0,6.193,0,Harmful (J),0,0,2.981,0,Harmful (J),0,0,2.487,0,Harmful (J),0,0,4.439,0,Harmful (J),0,0,5.112,0,Harmless (K),0,0,2.509,0,Harmful (J),0,0,2.157,0,Harmful (J),0,0,2.357,0,Harmful (J),0,0,3.008,0,Harmful (J),0,0,2.821,0,Harmless (K),0,0,3.201,0,Harmful (J),0,0,2.957,0,Harmful (J),0,0,2.102,0,Harmful (J),Harmless (K),Harmful (J),White,"$25,001 to $50,000",Somewhat interested,Independent,,Agnostic,,Associate's degree,Complete,5834b3f1d6ed08000154eadb
1/27/2020 14:02,1/27/2020 14:09,IP Address,63.142.120.245,100,456,TRUE,1/27/2020 14:09,R_3MrDVxjORdTLkjo,,,,,37.99769592,-88.93419647,anonymous,EN,I agree to participate,5d92e8d0d50d0a00197bc47b,Understood! Begin Survey!,38,Female,Yes,,2,Understood!,5.339,5.339,5.4,1,Immoral (J),0,0,2.204,0,Immoral (J),0,0,2.302,0,Not Immoral (K),0,0,3.705,0,Immoral (J),0,0,2.302,0,Immoral (J),0,0,2.407,0,Immoral (J),0,0,5.138,0,Not Immoral (K),0.358,0.358,3.004,1,Immoral (J),0,0,5.301,0,Immoral (J),0,0,3.101,0,Immoral (J),0,0,3.265,0,Not Immoral (K),0,0,2.602,0,Not Immoral (K),0,0,5.102,0,Not Immoral (K),0,0,3.064,0,Not Immoral (K),0,0,3.901,0,Not Immoral (K),0,0,4.746,0,Immoral (J),0,0,0.003,0,Immoral (J),0,0,3.102,0,Immoral (J),0,0,3.895,0,Immoral (J),0,0,2.103,0,Immoral (J),0,0,4.658,0,Immoral (J),0,0,2.904,0,Not Immoral (K),0,0,4.003,0,Immoral (J),0,0,2.583,0,Immoral (J),0,0,3.002,0,Immoral (J),Immoral (J),Understood!,0,0,1.968,0,Harmful (J),0,0,1.997,0,Harmful (J),9.485,9.485,10.023,1,Harmful (J),0,0,3.096,0,Harmful (J),0,0,2.001,0,Harmful (J),0,0,2.693,0,Harmful (J),0,0,4.425,0,Harmful (J),0,0,1.999,0,Harmful (J),0,0,2.39,0,Harmful (J),0,0,2.092,0,Harmful (J),0,0,3.106,0,Harmful (J),0,0,2.901,0,Harmless (K),0,0,3.404,0,Harmful (J),0,0,4.803,0,Harmless (K),0,0,4.006,0,Harmful (J),0,0,2.502,0,Harmful (J),0,0,3.804,0,Harmful (J),0,0,3.133,0,Harmful (J),0,0,2.301,0,Harmful (J),0,0,2.875,0,Harmful (J),0,0,3.071,0,Harmful (J),0,0,2.704,0,Harmless (K),0,0,4.201,0,Harmful (J),1.581,1.581,2.851,1,Harmful (J),0,0,1.801,0,Harmful (J),Harmless (K),Harmful (J),White,"$25,001 to $50,000",Very interested,Democrat,,An atheist,,Some college,Complete,5d92e8d0d50d0a00197bc47b
1/27/2020 14:03,1/27/2020 14:10,IP Address,69.114.53.99,100,418,TRUE,1/27/2020 14:10,R_1OIfYUo2Ow9wkWt,,,,,40.82119751,-72.98519897,anonymous,EN,I agree to participate,5cb5464a6f451e00012da7cf,,26,Male,Yes,,1,Understood!,0,0,2.204,0,Immoral (J),0,0,2.799,0,Immoral (J),0,0,2.905,0,Immoral (J),0,0,3.98,0,Immoral (J),0,0,2.802,0,Immoral (J),0,0,3.102,0,Immoral (J),0,0,3.088,0,Immoral (J),0,0,3.706,0,Immoral (J),0,0,3.601,0,Immoral (J),0,0,2.783,0,Immoral (J),0,0,4.286,0,Not Immoral (K),0,0,3.102,0,Not Immoral (K),0,0,4.303,0,Immoral (J),0,0,3.391,0,Not Immoral (K),0,0,2.993,0,Not Immoral (K),0,0,4.703,0,Immoral (J),0,0,3.201,0,Immoral (J),0,0,3.157,0,Immoral (J),0,0,3.302,0,Immoral (J),0,0,3.103,0,Immoral (J),0,0,3.202,0,Immoral (J),0,0,4.106,0,Not Immoral (K),0,0,2.902,0,Immoral (J),0,0,2.884,0,Immoral (J),0,0,5.697,0,Immoral (J),Immoral (J),Understood!,0,0,1.905,0,Harmful (J),0,0,2.013,0,Harmful (J),0,0,2.598,0,Harmful (J),0,0,2.662,0,Harmful (J),0,0,2.741,0,Harmful (J),0,0,2.489,0,Harmful (J),0,0,2.103,0,Harmful (J),0,0,3.802,0,Harmful (J),0,0,2.501,0,Harmful (J),0,0,2.999,0,Harmful (J),0,0,3.354,0,Harmless (K),0,0,2.401,0,Harmless (K),0,0,4.109,0,Harmful (J),0,0,3.077,0,Harmful (J),0,0,4.567,0,Harmful (J),0,0,3.401,0,Harmful (J),0,0,3.302,0,Harmless (K),0,0,2.201,0,Harmful (J),0,0,2.613,0,Harmful (J),0,0,2.672,0,Harmful (J),0,0,4.098,0,Harmful (J),0,0,3.104,0,Harmless (K),0,0,3.848,0,Harmless (K),0,0,4.501,0,Harmful (J),0,0,2.782,0,Harmful (J),Harmless (K),Harmful (J),White,"$25,001 to $50,000",Very interested,Democrat,,An atheist,,Associate's degree,Complete,5cb5464a6f451e00012da7cf
1/27/2020 14:06,1/27/2020 14:12,IP Address,98.196.140.217,100,333,TRUE,1/27/2020 14:12,R_1odPOsXFxeZhqH4,,,,,29.62879944,-95.43689728,anonymous,EN,I agree to participate,5cfab3d85ff44e001aaaa079,Understood! Begin Survey!,37,Female,Yes,,1,Understood!,0,0,2.254,0,Immoral (J),0,0,2.692,0,Immoral (J),0,0,2.334,0,Immoral (J),0,0,2.939,0,Immoral (J),0,0,3.492,0,Immoral (J),0,0,2.965,0,Immoral (J),0,0,3.681,0,Immoral (J),0,0,3.692,0,Immoral (J),0,0,4.024,0,Immoral (J),0,0,2.819,0,Immoral (J),0,0,2.433,0,Not Immoral (K),0,0,2.3,0,Not Immoral (K),0,0,3.301,0,Not Immoral (K),0,0,2.777,0,Not Immoral (K),0,0,3.246,0,Not Immoral (K),0,0,3.863,0,Not Immoral (K),0,0,2.648,0,Immoral (J),0,0,2.001,0,Immoral (J),0,0,3.125,0,Immoral (J),0,0,2.101,0,Immoral (J),0,0,4.57,0,Immoral (J),0,0,2.524,0,Immoral (J),0,0,2.87,0,Not Immoral (K),0,0,2.201,0,Immoral (J),0,0,2.601,0,Immoral (J),Immoral (J),Understood!,0,0,2.5,0,Harmful (J),0,0,2.533,0,Harmful (J),0,0,2.19,0,Harmful (J),0,0,2.076,0,Harmful (J),0,0,2.134,0,Harmful (J),0,0,2.765,0,Harmful (J),0,0,2.378,0,Harmful (J),0,0,2.332,0,Harmful (J),0,0,2.231,0,Harmful (J),0,0,2.351,0,Harmful (J),0,0,2.464,0,Harmless (K),0,0,2.582,0,Harmful (J),0,0,3.8,0,Harmful (J),0,0,2.5,0,Harmless (K),0,0,5.123,0,Harmless (K),0,0,3.094,0,Harmful (J),0,0,2.337,0,Harmful (J),0,0,2.145,0,Harmful (J),0,0,2.113,0,Harmful (J),0,0,1.931,0,Harmful (J),0,0,2.302,0,Harmful (J),0,0,2.231,0,Harmful (J),0,0,2.339,0,Harmless (K),0,0,2.102,0,Harmful (J),0,0,2.433,0,Harmful (J),Harmless (K),Harmful (J),White,"$75,001 to $99,999",Very interested,Democrat,,Religious,,Graduate or professional degree,Complete,5cfab3d85ff44e001aaaa079
1/27/2020 14:05,1/27/2020 14:14,IP Address,75.58.44.86,100,501,TRUE,1/27/2020 14:14,R_3neYCskFDfEM1OX,,,,,33.79200745,-84.20490265,anonymous,EN,I agree to participate,5e2e0365e764f13f138d130c,Understood! Begin Survey!,39,Female,Yes,,2,Understood!,0,0,2.903,0,Immoral (J),0,0,2.512,0,Immoral (J),0,0,3.152,0,Immoral (J),0,0,3.971,0,Immoral (J),0,0,2.95,0,Immoral (J),0,0,4.063,0,Immoral (J),0,0,2.894,0,Immoral (J),0,0,3.092,0,Immoral (J),0,0,4.31,0,Immoral (J),0,0,2.51,0,Immoral (J),0,0,5.205,0,Not Immoral (K),0,0,5.904,0,Not Immoral (K),0,0,4.301,0,Immoral (J),0,0,3.384,0,Not Immoral (K),0,0,6.402,0,Not Immoral (K),0,0,4.708,0,Immoral (J),0,0,6.42,0,Immoral (J),0,0,3.104,0,Immoral (J),0,0,5.858,0,Immoral (J),0,0,2.805,0,Immoral (J),0,0,5.097,0,Immoral (J),0,0,3.434,0,Not Immoral (K),0,0,5.178,0,Immoral (J),0,0,2.987,0,Immoral (J),0,0,3.407,0,Immoral (J),Immoral (J),,0,0,2.31,0,Harmful (J),0,0,2.289,0,Harmful (J),0,0,2.946,0,Harmful (J),0,0,3.155,0,Harmful (J),0,0,2.711,0,Harmful (J),0,0,4.182,0,Harmless (K),0,0,6.166,0,Harmful (J),0,0,4,0,Harmful (J),0,0,2.471,0,Harmful (J),0,0,5.875,0,Harmful (J),0,0,2.466,0,Harmless (K),0,0,2.509,0,Harmless (K),0,0,2.872,0,Harmful (J),0,0,3.212,0,Harmless (K),0,0,2.777,0,Harmful (J),0,0,3.353,0,Harmful (J),0,0,5.138,0,Harmful (J),0,0,5.511,0,Harmful (J),0,0,4.182,0,Harmful (J),0,0,2.66,0,Harmful (J),0,0,3.204,0,Harmful (J),0,0,2.502,0,Harmless (K),0,0,3.748,0,Harmless (K),0,0,5.292,0,Harmless (K),0,0,4.202,0,Harmful (J),Harmless (K),Harmful (J),White,"$25,001 to $50,000",Somewhat interested,Something else (Please Specify),unenrolled,Agnostic,,Bachelor's degree,Complete,5e2e0365e764f13f138d130c
1/27/2020 14:14,1/27/2020 14:22,IP Address,160.2.55.24,100,456,TRUE,1/27/2020 14:22,R_3GdGCX1o1RzCra1,,,,,42.88510132,-112.4440994,anonymous,EN,I agree to participate,5db3189ea4c748000bd51dcb,Understood! Begin Survey!,25,Female,Yes,,2,Understood!,0,0,2.204,0,Immoral (J),0,0,2.212,0,Immoral (J),0,0,4,0,Immoral (J),0,0,3.51,0,Immoral (J),0,0,2.896,0,Immoral (J),0,0,3.991,0,Immoral (J),0,0,5.202,0,Immoral (J),0,0,2.731,0,Immoral (J),0,0,2.81,0,Immoral (J),0,0,2.811,0,Immoral (J),0,0,2.926,0,Not Immoral (K),0,0,3.656,0,Not Immoral (K),0,0,2.716,0,Not Immoral (K),0,0,3.78,0,Not Immoral (K),0,0,5.793,0,Not Immoral (K),0,0,3.21,0,Immoral (J),0,0,3.605,0,Not Immoral (K),0,0,2.003,0,Immoral (J),0,0,4.303,0,Immoral (J),0,0,4.245,0,Immoral (J),0,0,3.54,0,Immoral (J),0,0,2.905,0,Not Immoral (K),0,0,2.2,0,Immoral (J),6.204,6.204,9.423,1,Immoral (J),0,0,2.914,0,Immoral (J),Immoral (J),Understood!,0,0,2.157,0,Harmful (J),0,0,2.2,0,Harmful (J),0,0,2.888,0,Harmful (J),0,0,2.436,0,Harmful (J),0,0,2.608,0,Harmful (J),0,0,3.505,0,Harmful (J),0,0,4.502,0,Harmless (K),0,0,3.108,0,Harmful (J),0,0,2.21,0,Harmful (J),0,0,3.766,0,Harmful (J),0,0,3.262,0,Harmless (K),0,0,2.708,0,Harmless (K),0,0,2.553,0,Harmless (K),0,0,1.58,0,Harmful (J),0,0,2.585,0,Harmful (J),0,0,3.019,0,Harmful (J),0,0,3.037,0,Harmless (K),0,0,2.707,0,Harmful (J),0,0,2.108,0,Harmful (J),0,0,2.731,0,Harmful (J),0,0,2.301,0,Harmful (J),0,0,3.23,0,Harmless (K),0,0,2.455,0,Harmful (J),0,0,3.401,0,Harmful (J),0,0,3.104,0,Harmful (J),Harmless (K),Harmful (J),White,"Less than $25,000",Somewhat interested,Democrat,,Agnostic,,Some college,Complete,5db3189ea4c748000bd51dcb
